rpf2x0_Binningv13_Inputv30_SR_Blind/rpf2x0_Signal_M800GeV_SR/Signal_M800GeV_SR-2x0_area,rpf2x0_Binningv13_Inputv30_SR_Blind/rpf2x0_Signal_M900GeV_SR/Signal_M900GeV_SR-2x0_area,rpf2x0_Binningv13_Inputv30_SR_Blind/rpf2x0_Signal_M1000GeV_SR/Signal_M1000GeV_SR-2x0_area,rpf2x0_Binningv13_Inputv30_SR_Blind/rpf2x0_Signal_M1100GeV_SR/Signal_M1100GeV_SR-2x0_area,rpf2x0_Binningv13_Inputv30_SR_Blind/rpf2x0_Signal_M1300GeV_SR/Signal_M1300GeV_SR-2x0_area,rpf2x0_Binningv13_Inputv30_SR_Blind/rpf2x0_Signal_M1400GeV_SR/Signal_M1400GeV_SR-2x0_area,rpf2x0_Binningv13_Inputv30_SR_Blind/rpf2x0_Signal_M1500GeV_SR/Signal_M1500GeV_SR-2x0_area,rpf2x0_Binningv13_Inputv30_SR_Blind/rpf2x0_Signal_M1600GeV_SR/Signal_M1600GeV_SR-2x0_area,rpf2x0_Binningv13_Inputv30_SR_Blind/rpf2x0_Signal_M1700GeV_SR/Signal_M1700GeV_SR-2x0_area,rpf2x0_Binningv13_Inputv30_SR_Blind/rpf2x0_Signal_M1800GeV_SR/Signal_M1800GeV_SR-2x0_area,rpf2x0_Binningv13_Inputv30_SR_Blind/rpf2x0_Signal_M1900GeV_SR/Signal_M1900GeV_SR-2x0_area,rpf2x0_Binningv13_Inputv30_SR_Blind/rpf2x0_Signal_M2000GeV_SR/Signal_M2000GeV_SR-2x0_area,rpf2x0_Binningv13_Inputv30_SR_Blind/rpf2x0_Signal_M2100GeV_SR/Signal_M2100GeV_SR-2x0_area,rpf2x0_Binningv13_Inputv30_SR_Blind/rpf2x0_Signal_M2200GeV_SR/Signal_M2200GeV_SR-2x0_area,rpf2x0_Binningv13_Inputv30_SR_Blind/rpf2x0_Signal_M2300GeV_SR/Signal_M2300GeV_SR-2x0_area,rpf2x0_Binningv13_Inputv30_SR_Blind/rpf2x0_Signal_M2400GeV_SR/Signal_M2400GeV_SR-2x0_area,rpf2x0_Binningv13_Inputv30_SR_Blind/rpf2x0_Signal_M2500GeV_SR/Signal_M2500GeV_SR-2x0_area,rpf2x0_Binningv13_Inputv30_SR_Blind/rpf2x0_Signal_M2700GeV_SR/Signal_M2700GeV_SR-2x0_area,rpf2x0_Binningv13_Inputv30_SR_Blind/rpf2x0_Signal_M2800GeV_SR/Signal_M2800GeV_SR-2x0_area,rpf2x0_Binningv13_Inputv30_SR_Blind/rpf2x0_Signal_M2900GeV_SR/Signal_M2900GeV_SR-2x0_area,rpf2x0_Binningv13_Inputv30_SR_Blind/rpf2x0_Signal_M3000GeV_SR/Signal_M3000GeV_SR-2x0_area,rpf2x0_Binningv13_Inputv30_SR_Blind/rpf2x0_Signal_M3250GeV_SR/Signal_M3250GeV_SR-2x0_area,rpf2x0_Binningv13_Inputv30_SR_Blind/rpf2x0_Signal_M3500GeV_SR/Signal_M3500GeV_SR-2x0_area,rpf2x0_Binningv13_Inputv30_SR_Blind/rpf2x0_Signal_M3750GeV_SR/Signal_M3750GeV_SR-2x0_area,rpf2x0_Binningv13_Inputv30_SR_Blind/rpf2x0_Signal_M4000GeV_SR/Signal_M4000GeV_SR-2x0_area,rpf2x0_Binningv13_Inputv30_SR_Blind/rpf2x0_Signal_M4250GeV_SR/Signal_M4250GeV_SR-2x0_area,rpf2x0_Binningv13_Inputv30_SR_Blind/rpf2x0_Signal_M4500GeV_SR/Signal_M4500GeV_SR-2x0_area,rpf2x0_Binningv13_Inputv30_SR_Blind/rpf2x0_Signal_M4750GeV_SR/Signal_M4750GeV_SR-2x0_area,rpf2x0_Binningv13_Inputv30_SR_Blind/rpf2x0_Signal_M12500GeV_SR/Signal_M12500GeV_SR-2x0_area,rpf2x0_Binningv13_Inputv30_SR_Blind/rpf2x0_Signal_M15000GeV_SR/Signal_M15000GeV_SR-2x0_area,rpf2x0_Binningv13_Inputv30_SR_Blind/rpf2x0_Signal_M17500GeV_SR/Signal_M17500GeV_SR-2x0_area,rpf2x0_Binningv13_Inputv30_SR_Blind/rpf2x0_Signal_M20000GeV_SR/Signal_M20000GeV_SR-2x0_area,rpf2x0_Binningv13_Inputv30_SR_Blind/rpf2x0_Signal_M22500GeV_SR/Signal_M22500GeV_SR-2x0_area,rpf2x0_Binningv13_Inputv30_SR_Blind/rpf2x0_Signal_M25000GeV_SR/Signal_M25000GeV_SR-2x0_area,rpf2x0_Binningv13_Inputv30_SR_Blind/rpf2x0_Signal_M27500GeV_SR/Signal_M27500GeV_SR-2x0_area,rpf2x0_Binningv13_Inputv30_SR_Blind/rpf2x0_Signal_M30000GeV_SR/Signal_M30000GeV_SR-2x0_area,rpf2x0_Binningv13_Inputv30_SR_Blind/rpf2x0_Signal_M35000GeV_SR/Signal_M35000GeV_SR-2x0_area,rpf2x0_Binningv13_Inputv30_SR_Blind/rpf2x0_Signal_M37500GeV_SR/Signal_M37500GeV_SR-2x0_area,rpf2x0_Binningv13_Inputv30_SR_Blind/rpf2x0_Signal_M40000GeV_SR/Signal_M40000GeV_SR-2x0_area,rpf2x0_Binningv13_Inputv30_SR_Blind/rpf2x0_Signal_M42500GeV_SR/Signal_M42500GeV_SR-2x0_area,rpf2x0_Binningv13_Inputv30_SR_Blind/rpf2x0_Signal_M45000GeV_SR/Signal_M45000GeV_SR-2x0_area,rpf2x0_Binningv13_Inputv30_SR_Blind/rpf2x0_Signal_M47500GeV_SR/Signal_M47500GeV_SR-2x0_area,rpf2x0_Binningv13_Inputv30_SR_Blind/rpf2x0_Signal_M50000GeV_SR/Signal_M50000GeV_SR-2x0_area,rpf2x0_Binningv13_Inputv30_SR_Blind/rpf2x0_Signal_M55000GeV_SR/Signal_M55000GeV_SR-2x0_area,rpf2x0_Binningv13_Inputv30_SR_Blind/rpf2x0_Signal_M60000GeV_SR/Signal_M60000GeV_SR-2x0_area,rpf2x0_Binningv13_Inputv30_SR_Blind/rpf2x0_Signal_M65000GeV_SR/Signal_M65000GeV_SR-2x0_area,rpf2x0_Binningv13_Inputv30_SR_Blind/rpf2x0_Signal_M70000GeV_SR/Signal_M70000GeV_SR-2x0_area,rpf2x0_Binningv13_Inputv30_SR_Blind/rpf2x0_Signal_M75000GeV_SR/Signal_M75000GeV_SR-2x0_area,rpf2x0_Binningv13_Inputv30_SR_Blind/rpf2x0_Signal_M80000GeV_SR/Signal_M80000GeV_SR-2x0_area,rpf2x0_Binningv13_Inputv30_SR_Blind/rpf2x0_Signal_M85000GeV_SR/Signal_M85000GeV_SR-2x0_area,rpf2x0_Binningv13_Inputv30_SR_Blind/rpf2x0_Signal_M90000GeV_SR/Signal_M90000GeV_SR-2x0_area,rpf2x0_Binningv13_Inputv30_SR_Blind/rpf2x0_Signal_M90000GeV_SR/Signal_M90000GeV_SR-2x0_area,rpf2x0_Binningv13_Inputv30_SR_Blind/rpf2x0_Signal_M90000GeV_SR/Signal_M90000GeV_SR-2x0_area,rpf2x0_Binningv13_Inputv30_SR_Blind/rpf2x0_Signal_M90000GeV_SR/Signal_M90000GeV_SR-2x0_area,rpf2x0_Binningv13_Inputv30_SR_Blind/rpf2x0_Signal_M90000GeV_SR/Signal_M90000GeV_SR-2x0_area,rpf2x0_Binningv13_Inputv30_SR_Blind/rpf2x0_Signal_M90000GeV_SR/Signal_M90000GeV_SR-2x0_area,rpf2x0_Binningv13_Inputv30_SR_Blind/rpf2x0_Signal_M90000GeV_SR/Signal_M90000GeV_SR-2x0_area,rpf2x0_Binningv13_Inputv30_SR_Blind/rpf2x0_Signal_M90000GeV_SR/Signal_M90000GeV_SR-2x0_area,rpf2x0_Binningv13_Inputv30_SR_Blind/rpf2x0_Signal_M90000GeV_SR/Signal_M90000GeV_SR-2x0_area,rpf2x0_Binningv13_Inputv30_SR_Blind/rpf2x0_Signal_M90000GeV_SR/Signal_M90000GeV_SR-2x0_area,rpf2x0_Binningv13_Inputv30_SR_Blind/rpf2x0_Signal_M90000GeV_SR/Signal_M90000GeV_SR-2x0_area,rpf2x0_Binningv13_Inputv30_SR_Blind/rpf2x0_Signal_M90000GeV_SR/Signal_M90000GeV_SR-2x0_area,rpf2x0_Binningv13_Inputv30_SR_Blind/rpf2x0_Signal_M90000GeV_SR/Signal_M90000GeV_SR-2x0_area,rpf2x0_Binningv13_Inputv30_SR_Blind/rpf2x0_Signal_M90000GeV_SR/Signal_M90000GeV_SR-2x0_area,rpf2x0_Binningv13_Inputv30_SR_Blind/rpf2x0_Signal_M90000GeV_SR/Signal_M90000GeV_SR-2x0_area,rpf2x0_Binningv13_Inputv30_SR_Blind/rpf2x0_Signal_M90000GeV_SR/Signal_M90000GeV_SR-2x0_area,rpf2x0_Binningv13_Inputv30_SR_Blind/rpf2x0_Signal_M90000GeV_SR/Signal_M90000GeV_SR-2x0_area,rpf2x0_Binningv13_Inputv30_SR_Blind/rpf2x0_Signal_M90000GeV_SR/Signal_M90000GeV_SR-2x0_area,rpf2x0_Binningv13_Inputv30_SR_Blind/rpf2x0_Signal_M90000GeV_SR/Signal_M90000GeV_SR-2x0_area,rpf2x0_Binningv13_Inputv30_SR_Blind/rpf2x0_Signal_M90000GeV_SR/Signal_M90000GeV_SR-2x0_area,rpf2x0_Binningv13_Inputv30_SR_Blind/rpf2x0_Signal_M90000GeV_SR/Signal_M90000GeV_SR-2x0_area,rpf2x0_Binningv13_Inputv30_SR_Blind/rpf2x0_Signal_M90000GeV_SR/Signal_M90000GeV_SR-2x0_area
1600,1800,2000,2200,2600,2800,3000,3200,3400,3600,3800,4000,4200,4400,4600,4800,5000,5400,5600,5800,6000,6500,7000,7500,8000,8500,9000,9500,25000,30000,35000,40000,45000,50000,55000,60000,70000,75000,80000,85000,90000,95000,100000,110000,120000,130000,140000,150000,160000,170000,180000,185000,190000,195000,200000,225000,250000,275000,300000,325000,350000,375000,400000,425000,450000,475000,500000,600000,700000,800000,900000,1000000
100,100,100,100,100,100,100,100,100,100,100,100,100,100,100,100,100,100,100,100,100,100,100,100,100,100,100,100,100,100,100,100,100,100,100,100,100,100,100,100,100,100,100,100,100,100,100,100,100,100,100,100,100,100,100,100,100,100,100,100,100,100,100,100,100,100,100,100,100,100,100,100
6.780503e-01, 5.832724e-01, 5.091595e-01, 4.498630e-01, 3.614446e-01, 3.277876e-01, 2.991775e-01, 2.746049e-01, 2.533072e-01, 2.346981e-01, 2.183208e-01, 2.038137e-01, 1.908880e-01, 1.793098e-01, 1.688882e-01, 1.594660e-01, 1.509126e-01, 1.359917e-01, 1.294538e-01, 1.234382e-01, 1.178876e-01, 1.057772e-01, 9.559129e-02, 8.703545e-02, 7.967387e-02, 7.335606e-02, 6.782450e-02, 6.299694e-02, 1.662128e-02, 1.291718e-02, 1.043556e-02, 8.673806e-03, 7.367893e-03, 6.366913e-03, 5.578885e-03, 4.944813e-03, 3.992969e-03, 3.628506e-03, 3.317712e-03, 3.050028e-03, 2.817439e-03, 2.565714e-03, 2.352696e-03, 2.013122e-03, 1.755420e-03, 1.553540e-03, 1.391158e-03, 1.257660e-03, 1.145905e-03, 1.050937e-03, 9.692188e-04, 9.324891e-04, 8.981546e-04, 8.659901e-04, 8.357984e-04, 7.090036e-04, 6.122591e-04, 5.362599e-04, 4.751760e-04, 4.251570e-04, 3.835557e-04, 3.484935e-04, 3.186020e-04, 2.928624e-04, 2.705017e-04, 2.509234e-04, 2.336608e-04, 1.813645e-04, 1.463917e-04, 1.215970e-04, 1.032363e-04, 1.032363e-04
1.545399e+00, 1.339578e+00, 1.176535e+00, 1.044727e+00, 8.458737e-01, 7.694296e-01, 7.041139e-01, 6.477653e-01, 5.987356e-01, 5.557481e-01, 5.177998e-01, 4.840931e-01, 4.539864e-01, 4.269581e-01, 4.025805e-01, 3.804998e-01, 3.604209e-01, 3.253153e-01, 3.099010e-01, 2.957004e-01, 2.825824e-01, 2.539087e-01, 2.297380e-01, 2.093935e-01, 1.918597e-01, 1.767882e-01, 1.635754e-01, 1.520299e-01, 4.040113e-02, 3.142066e-02, 2.539748e-02, 2.111812e-02, 1.794410e-02, 1.551006e-02, 1.359311e-02, 1.205018e-02, 9.733149e-03, 8.845672e-03, 8.088751e-03, 7.436726e-03, 6.870110e-03, 6.256701e-03, 5.737570e-03, 4.909935e-03, 4.281766e-03, 3.789614e-03, 3.393714e-03, 3.068207e-03, 2.795696e-03, 2.564106e-03, 2.364811e-03, 2.275231e-03, 2.191491e-03, 2.113041e-03, 2.039401e-03, 1.730120e-03, 1.494116e-03, 1.308705e-03, 1.159672e-03, 1.037630e-03, 9.361211e-04, 8.505647e-04, 7.776231e-04, 7.148111e-04, 6.602430e-04, 6.124641e-04, 5.703355e-04, 4.427032e-04, 3.573454e-04, 2.968268e-04, 2.520110e-04, 2.520110e-04
2.946240e+00, 2.577810e+00, 2.281034e+00, 2.037907e+00, 1.665600e+00, 1.520681e+00, 1.396055e+00, 1.287935e+00, 1.193397e+00, 1.110151e+00, 1.036381e+00, 9.706328e-01, 9.117254e-01, 8.586941e-01, 8.107427e-01, 7.672090e-01, 7.275382e-01, 6.579842e-01, 6.273648e-01, 5.991129e-01, 5.729773e-01, 5.157197e-01, 4.673214e-01, 4.264801e-01, 3.912093e-01, 3.608327e-01, 3.341600e-01, 3.108174e-01, 8.332641e-02, 6.486251e-02, 5.246227e-02, 4.364358e-02, 3.709787e-02, 3.207528e-02, 2.811784e-02, 2.493132e-02, 2.014393e-02, 1.830953e-02, 1.674467e-02, 1.539642e-02, 1.422459e-02, 1.295554e-02, 1.188144e-02, 1.016880e-02, 8.868727e-03, 7.850019e-03, 7.030449e-03, 6.356533e-03, 5.792285e-03, 5.312725e-03, 4.900011e-03, 4.714492e-03, 4.541061e-03, 4.378582e-03, 4.226060e-03, 3.585433e-03, 3.096532e-03, 2.712403e-03, 2.403619e-03, 2.150739e-03, 1.940395e-03, 1.763099e-03, 1.611937e-03, 1.481764e-03, 1.368671e-03, 1.269646e-03, 1.182330e-03, 9.177837e-04, 7.408492e-04, 6.153966e-04, 5.224920e-04, 5.224920e-04
4.942220e+00, 4.372173e+00, 3.903124e+00, 3.512383e+00, 2.902781e+00, 2.661815e+00, 2.452932e+00, 2.270464e+00, 2.109959e+00, 1.967881e+00, 1.841388e+00, 1.728179e+00, 1.626371e+00, 1.534408e+00, 1.451000e+00, 1.375065e+00, 1.305691e+00, 1.183648e+00, 1.129753e+00, 1.079933e+00, 1.033766e+00, 9.323472e-01, 8.463378e-01, 7.735357e-01, 7.105092e-01, 6.561018e-01, 6.082380e-01, 5.662733e-01, 1.533943e-01, 1.195310e-01, 9.675255e-02, 8.053454e-02, 6.848610e-02, 5.923486e-02, 5.194148e-02, 4.606619e-02, 3.723449e-02, 3.384887e-02, 3.096000e-02, 2.847049e-02, 2.630633e-02, 2.396163e-02, 2.197688e-02, 1.881177e-02, 1.640867e-02, 1.452536e-02, 1.301000e-02, 1.176379e-02, 1.072027e-02, 9.833284e-03, 9.069864e-03, 8.726679e-03, 8.405842e-03, 8.105256e-03, 7.823080e-03, 6.637767e-03, 5.733063e-03, 5.022159e-03, 4.450643e-03, 3.982562e-03, 3.593190e-03, 3.264974e-03, 2.985127e-03, 2.744124e-03, 2.534737e-03, 2.351389e-03, 2.189716e-03, 1.699857e-03, 1.372203e-03, 1.139872e-03, 9.678101e-04, 9.678101e-04
7.518320e+00, 6.736370e+00, 6.075260e+00, 5.512822e+00, 4.614821e+00, 4.253106e+00, 3.936495e+00, 3.657613e+00, 3.410524e+00, 3.190413e+00, 2.993352e+00, 2.816106e+00, 2.655997e+00, 2.510792e+00, 2.378615e+00, 2.257882e+00, 2.147247e+00, 1.951838e+00, 1.865227e+00, 1.784988e+00, 1.710482e+00, 1.546279e+00, 1.406487e+00, 1.287735e+00, 1.184633e+00, 1.095387e+00, 1.016702e+00, 9.475663e-01, 2.597717e-01, 2.026721e-01, 1.641932e-01, 1.367600e-01, 1.163592e-01, 1.006822e-01, 8.831497e-02, 7.834709e-02, 6.335423e-02, 5.760368e-02, 5.269549e-02, 4.846475e-02, 4.478610e-02, 4.079867e-02, 3.742291e-02, 3.203860e-02, 2.794972e-02, 2.474470e-02, 2.216544e-02, 2.004400e-02, 1.826736e-02, 1.675706e-02, 1.545703e-02, 1.487258e-02, 1.432616e-02, 1.381421e-02, 1.333360e-02, 1.131451e-02, 9.773181e-03, 8.561871e-03, 7.587961e-03, 6.790242e-03, 6.126612e-03, 5.567179e-03, 5.090161e-03, 4.679335e-03, 4.322387e-03, 4.009818e-03, 3.734188e-03, 2.898996e-03, 2.340305e-03, 1.944125e-03, 1.650705e-03, 1.650705e-03
1.057611e+01, 9.613870e+00, 8.771038e+00, 8.034563e+00, 6.824239e+00, 6.325354e+00, 5.883518e+00, 5.490417e+00, 5.139106e+00, 4.823787e+00, 4.539608e+00, 4.282497e+00, 4.049022e+00, 3.836277e+00, 3.641792e+00, 3.463455e+00, 3.299457e+00, 3.008440e+00, 2.878896e+00, 2.758579e+00, 2.646593e+00, 2.398868e+00, 2.187023e+00, 2.006313e+00, 1.848897e+00, 1.712210e+00, 1.591388e+00, 1.484969e+00, 4.126597e-01, 3.224005e-01, 2.614488e-01, 2.179280e-01, 1.855262e-01, 1.606045e-01, 1.409300e-01, 1.250630e-01, 1.011804e-01, 9.201466e-02, 8.418901e-02, 7.744160e-02, 7.157322e-02, 6.520878e-02, 5.981983e-02, 5.122279e-02, 4.469259e-02, 3.957292e-02, 3.545208e-02, 3.206216e-02, 2.922281e-02, 2.680879e-02, 2.473061e-02, 2.379625e-02, 2.292266e-02, 2.210413e-02, 2.133567e-02, 1.810693e-02, 1.564174e-02, 1.370410e-02, 1.214603e-02, 1.086970e-02, 9.807824e-03, 8.912604e-03, 8.149219e-03, 7.491725e-03, 6.920432e-03, 6.420144e-03, 5.978962e-03, 4.642022e-03, 3.747603e-03, 3.113304e-03, 2.643500e-03, 2.643500e-03
1.394168e+01, 1.287929e+01, 1.190278e+01, 1.101905e+01, 9.512393e+00, 8.873428e+00, 8.299373e+00, 7.782424e+00, 7.315623e+00, 6.892868e+00, 6.508858e+00, 6.159007e+00, 5.839350e+00, 5.546461e+00, 5.277373e+00, 5.029513e+00, 4.800642e+00, 4.392305e+00, 4.209633e+00, 4.039474e+00, 3.880666e+00, 3.527852e+00, 3.224586e+00, 2.964657e+00, 2.737377e+00, 2.539316e+00, 2.363735e+00, 2.208652e+00, 6.231425e-01, 4.875998e-01, 3.958537e-01, 3.302337e-01, 2.813156e-01, 2.436522e-01, 2.138945e-01, 1.898793e-01, 1.537041e-01, 1.398113e-01, 1.279454e-01, 1.177112e-01, 1.088077e-01, 9.914579e-02, 9.096336e-02, 7.790695e-02, 6.798686e-02, 6.020772e-02, 5.394500e-02, 4.879218e-02, 4.447556e-02, 4.080504e-02, 3.764476e-02, 3.622374e-02, 3.489507e-02, 3.365008e-02, 3.248119e-02, 2.756935e-02, 2.381834e-02, 2.086958e-02, 1.849814e-02, 1.655531e-02, 1.493876e-02, 1.357581e-02, 1.241349e-02, 1.141233e-02, 1.054239e-02, 9.780530e-03, 9.108651e-03, 7.072437e-03, 5.710044e-03, 4.743790e-03, 4.028071e-03, 4.028071e-03
1.738637e+01, 1.635038e+01, 1.532772e+01, 1.435625e+01, 1.261777e+01, 1.185351e+01, 1.115463e+01, 1.051592e+01, 9.931915e+00, 9.397303e+00, 8.907133e+00, 8.456891e+00, 8.042512e+00, 7.660369e+00, 7.307236e+00, 6.980252e+00, 6.676880e+00, 6.132228e+00, 5.887180e+00, 5.658150e+00, 5.443729e+00, 4.965021e+00, 4.551123e+00, 4.194450e+00, 3.881235e+00, 3.607180e+00, 3.363431e+00, 3.147459e+00, 9.030230e-01, 7.078124e-01, 5.753343e-01, 4.804023e-01, 4.095313e-01, 3.549044e-01, 3.117047e-01, 2.768155e-01, 2.242145e-01, 2.039982e-01, 1.867247e-01, 1.718212e-01, 1.588517e-01, 1.447677e-01, 1.328380e-01, 1.137977e-01, 9.932686e-02, 8.797623e-02, 7.883619e-02, 7.131449e-02, 6.501229e-02, 5.965251e-02, 5.503714e-02, 5.296165e-02, 5.102090e-02, 4.920227e-02, 4.749471e-02, 4.031826e-02, 3.483665e-02, 3.052665e-02, 2.705996e-02, 2.421949e-02, 2.185580e-02, 1.986274e-02, 1.816293e-02, 1.669871e-02, 1.542631e-02, 1.431194e-02, 1.332913e-02, 1.035033e-02, 8.357010e-03, 6.943154e-03, 5.895817e-03, 5.895817e-03
2.065621e+01, 1.980836e+01, 1.886174e+01, 1.789350e+01, 1.603892e+01, 1.518427e+01, 1.438498e+01, 1.364097e+01, 1.295017e+01, 1.230951e+01, 1.171549e+01, 1.116452e+01, 1.065306e+01, 1.017780e+01, 9.735626e+00, 9.323690e+00, 8.939387e+00, 8.244444e+00, 7.929722e+00, 7.634435e+00, 7.357000e+00, 6.734125e+00, 6.191985e+00, 5.721935e+00, 5.307154e+00, 4.942572e+00, 4.617108e+00, 4.327714e+00, 1.264646e+00, 9.931215e-01, 8.083248e-01, 6.756268e-01, 5.764054e-01, 4.998316e-01, 4.392154e-01, 3.902201e-01, 3.162813e-01, 2.878410e-01, 2.635298e-01, 2.425463e-01, 2.242794e-01, 2.044281e-01, 1.876099e-01, 1.607599e-01, 1.403471e-01, 1.243313e-01, 1.114314e-01, 1.008133e-01, 9.191503e-02, 8.434605e-02, 7.782727e-02, 7.489550e-02, 7.215388e-02, 6.958462e-02, 6.717211e-02, 5.703132e-02, 4.928357e-02, 4.319061e-02, 3.828904e-02, 3.427232e-02, 3.092944e-02, 2.811044e-02, 2.570602e-02, 2.363469e-02, 2.183458e-02, 2.025795e-02, 1.886739e-02, 1.465226e-02, 1.183125e-02, 9.830111e-03, 8.347619e-03, 8.347619e-03
2.350447e+01, 2.302316e+01, 2.229828e+01, 2.144951e+01, 1.964167e+01, 1.875181e+01, 1.789446e+01, 1.707731e+01, 1.630381e+01, 1.557482e+01, 1.488961e+01, 1.424652e+01, 1.364343e+01, 1.307794e+01, 1.254760e+01, 1.204999e+01, 1.158278e+01, 1.073081e+01, 1.034205e+01, 9.975691e+00, 9.630072e+00, 8.849146e+00, 8.164294e+00, 7.566394e+00, 7.035912e+00, 6.567241e+00, 6.147125e+00, 5.772093e+00, 1.720714e+00, 1.354026e+00, 1.103678e+00, 9.235009e-01, 7.885462e-01, 6.842546e-01, 6.016071e-01, 5.347442e-01, 4.337365e-01, 3.948494e-01, 3.615923e-01, 3.328753e-01, 3.078670e-01, 2.806674e-01, 2.576184e-01, 2.208104e-01, 1.928172e-01, 1.708472e-01, 1.531469e-01, 1.385740e-01, 1.263588e-01, 1.159665e-01, 1.070146e-01, 1.029880e-01, 9.922238e-02, 9.569320e-02, 9.237912e-02, 7.844621e-02, 6.779845e-02, 5.942308e-02, 5.268421e-02, 4.716107e-02, 4.256388e-02, 3.868675e-02, 3.537948e-02, 3.253014e-02, 3.005373e-02, 2.788461e-02, 2.597137e-02, 2.017121e-02, 1.628882e-02, 1.353446e-02, 1.149380e-02, 1.149380e-02
2.572201e+01, 2.577942e+01, 2.542978e+01, 2.483156e+01, 2.326956e+01, 2.241769e+01, 2.156150e+01, 2.071886e+01, 1.990080e+01, 1.911378e+01, 1.836125e+01, 1.764469e+01, 1.696426e+01, 1.631931e+01, 1.570868e+01, 1.513087e+01, 1.458426e+01, 1.357775e+01, 1.311445e+01, 1.267561e+01, 1.225968e+01, 1.131300e+01, 1.047565e+01, 9.738885e+00, 9.081180e+00, 8.496768e+00, 7.970484e+00, 7.498607e+00, 2.284095e+00, 1.801307e+00, 1.470571e+00, 1.231949e+00, 1.052884e+00, 9.143022e-01, 8.043510e-01, 7.153127e-01, 5.806536e-01, 5.287606e-01, 4.843577e-01, 4.459992e-01, 4.125811e-01, 3.762026e-01, 3.453681e-01, 2.961115e-01, 2.586367e-01, 2.292155e-01, 2.055053e-01, 1.859794e-01, 1.696088e-01, 1.556783e-01, 1.436764e-01, 1.382772e-01, 1.332275e-01, 1.284946e-01, 1.240497e-01, 1.053595e-01, 9.107206e-02, 7.983120e-02, 7.078503e-02, 6.336965e-02, 5.719663e-02, 5.198987e-02, 4.754795e-02, 4.372074e-02, 4.039417e-02, 3.748017e-02, 3.490977e-02, 2.711639e-02, 2.189896e-02, 1.819703e-02, 1.545408e-02, 1.545408e-02
2.716048e+01, 2.789953e+01, 2.806850e+01, 2.785341e+01, 2.675646e+01, 2.602920e+01, 2.524726e+01, 2.444042e+01, 2.362889e+01, 2.282627e+01, 2.204151e+01, 2.128035e+01, 2.054624e+01, 1.984109e+01, 1.916570e+01, 1.852011e+01, 1.790386e+01, 1.675602e+01, 1.622226e+01, 1.571369e+01, 1.522907e+01, 1.411675e+01, 1.312323e+01, 1.224130e+01, 1.144857e+01, 1.073963e+01, 1.009792e+01, 9.519719e+00, 2.967624e+00, 2.345897e+00, 1.918404e+00, 1.609151e+00, 1.376615e+00, 1.196365e+00, 1.053172e+00, 9.370935e-01, 7.613260e-01, 6.935205e-01, 6.354695e-01, 5.852962e-01, 5.415663e-01, 4.939172e-01, 4.535192e-01, 3.889633e-01, 3.398287e-01, 3.012400e-01, 2.701322e-01, 2.445070e-01, 2.230176e-01, 2.047271e-01, 1.889657e-01, 1.818743e-01, 1.752413e-01, 1.690239e-01, 1.631845e-01, 1.386252e-01, 1.198456e-01, 1.050669e-01, 9.317109e-02, 8.341814e-02, 7.529801e-02, 6.844805e-02, 6.260368e-02, 5.756760e-02, 5.318993e-02, 4.935491e-02, 4.597184e-02, 3.571315e-02, 2.884407e-02, 2.396961e-02, 2.035752e-02, 2.035752e-02
2.774574e+01, 2.926066e+01, 3.006417e+01, 3.035211e+01, 2.993970e+01, 2.943071e+01, 2.880531e+01, 2.810577e+01, 2.736247e+01, 2.659721e+01, 2.582548e+01, 2.505827e+01, 2.430323e+01, 2.356558e+01, 2.284880e+01, 2.215506e+01, 2.148561e+01, 2.022134e+01, 1.962632e+01, 1.905544e+01, 1.850802e+01, 1.723929e+01, 1.609332e+01, 1.506580e+01, 1.413497e+01, 1.329651e+01, 1.253318e+01, 1.184164e+01, 3.783912e+00, 2.998736e+00, 2.456705e+00, 2.063467e+00, 1.767137e+00, 1.537047e+00, 1.354011e+00, 1.205466e+00, 9.802449e-01, 8.932642e-01, 8.187522e-01, 7.543181e-01, 6.981327e-01, 6.368494e-01, 5.848774e-01, 5.017963e-01, 4.385343e-01, 3.888317e-01, 3.487512e-01, 3.157251e-01, 2.880218e-01, 2.644370e-01, 2.441089e-01, 2.349615e-01, 2.264046e-01, 2.183831e-01, 2.108488e-01, 1.791537e-01, 1.549098e-01, 1.358258e-01, 1.204613e-01, 1.078621e-01, 9.737068e-02, 8.851913e-02, 8.096612e-02, 7.445704e-02, 6.879844e-02, 6.384087e-02, 5.946722e-02, 4.620285e-02, 3.731954e-02, 3.101488e-02, 2.634249e-02, 2.634249e-02
2.748021e+01, 2.980394e+01, 3.131637e+01, 3.220135e+01, 3.267259e+01, 3.247503e+01, 3.209169e+01, 3.157659e+01, 3.097030e+01, 3.030321e+01, 2.959799e+01, 2.887155e+01, 2.813640e+01, 2.740177e+01, 2.667442e+01, 2.595921e+01, 2.525957e+01, 2.391572e+01, 2.327401e+01, 2.265322e+01, 2.205351e+01, 2.064768e+01, 1.936130e+01, 1.819456e+01, 1.712822e+01, 1.615985e+01, 1.527255e+01, 1.446381e+01, 4.745143e+00, 3.770634e+00, 3.095020e+00, 2.603356e+00, 2.231993e+00, 1.943118e+00, 1.712981e+00, 1.525987e+00, 1.242075e+00, 1.132296e+00, 1.038194e+00, 9.567737e-01, 8.857419e-01, 8.081807e-01, 7.423842e-01, 6.371630e-01, 5.570055e-01, 4.940033e-01, 4.431800e-01, 4.012887e-01, 3.661392e-01, 3.362075e-01, 3.104031e-01, 2.987896e-01, 2.879248e-01, 2.777387e-01, 2.681704e-01, 2.279098e-01, 1.971033e-01, 1.728466e-01, 1.533131e-01, 1.372922e-01, 1.239491e-01, 1.126901e-01, 1.030816e-01, 9.480022e-02, 8.760019e-02, 8.129161e-02, 7.572566e-02, 5.884269e-02, 4.753372e-02, 3.950635e-02, 3.355660e-02, 3.355660e-02
2.643543e+01, 2.953542e+01, 3.178070e+01, 3.332052e+01, 3.483490e+01, 3.503363e+01, 3.497454e+01, 3.472127e+01, 3.432348e+01, 3.381976e+01, 3.323997e+01, 3.260718e+01, 3.193917e+01, 3.124962e+01, 3.054900e+01, 2.984533e+01, 2.914469e+01, 2.776960e+01, 2.710105e+01, 2.644777e+01, 2.581099e+01, 2.429786e+01, 2.289209e+01, 2.159999e+01, 2.040708e+01, 1.931374e+01, 1.830463e+01, 1.737858e+01, 5.862886e+00, 4.672133e+00, 3.842811e+00, 3.237298e+00, 2.778806e+00, 2.421460e+00, 2.136332e+00, 1.904358e+00, 1.551628e+00, 1.415066e+00, 1.297927e+00, 1.196514e+00, 1.107993e+00, 1.011223e+00, 9.291055e-01, 7.977297e-01, 6.975983e-01, 6.188635e-01, 5.553251e-01, 5.029359e-01, 4.589647e-01, 4.215109e-01, 3.892137e-01, 3.746757e-01, 3.610734e-01, 3.483196e-01, 3.363382e-01, 2.859114e-01, 2.473119e-01, 2.169100e-01, 1.924218e-01, 1.723330e-01, 1.555990e-01, 1.414766e-01, 1.294228e-01, 1.190328e-01, 1.099984e-01, 1.020819e-01, 9.509677e-02, 7.390557e-02, 5.970774e-02, 4.962826e-02, 4.215663e-02, 4.215663e-02
2.473700e+01, 2.851965e+01, 3.146855e+01, 3.367855e+01, 3.634059e+01, 3.700486e+01, 3.734242e+01, 3.742296e+01, 3.730307e+01, 3.702826e+01, 3.663490e+01, 3.615198e+01, 3.560253e+01, 3.500481e+01, 3.437328e+01, 3.371938e+01, 3.305213e+01, 3.170440e+01, 3.103381e+01, 3.037019e+01, 2.971611e+01, 2.813592e+01, 2.664094e+01, 2.524526e+01, 2.394156e+01, 2.273402e+01, 2.161030e+01, 2.057114e+01, 7.147907e+00, 5.713368e+00, 4.709354e+00, 3.973714e+00, 3.415212e+00, 2.979019e+00, 2.630400e+00, 2.346385e+00, 1.913842e+00, 1.746153e+00, 1.602209e+00, 1.477513e+00, 1.368608e+00, 1.249406e+00, 1.148220e+00, 9.862670e-01, 8.627658e-01, 7.656113e-01, 6.871771e-01, 6.224830e-01, 5.681670e-01, 5.218886e-01, 4.819714e-01, 4.640002e-01, 4.471838e-01, 4.314148e-01, 4.165992e-01, 3.542280e-01, 3.064670e-01, 2.688374e-01, 2.385195e-01, 2.136429e-01, 1.929168e-01, 1.754224e-01, 1.604886e-01, 1.476144e-01, 1.364188e-01, 1.266076e-01, 1.179498e-01, 9.167991e-02, 7.407548e-02, 6.157549e-02, 5.230847e-02, 5.230847e-02
2.254514e+01, 2.686754e+01, 3.044126e+01, 3.329278e+01, 3.714214e+01, 3.831966e+01, 3.911063e+01, 3.958620e+01, 3.980670e+01, 3.982244e+01, 3.967496e+01, 3.939833e+01, 3.902036e+01, 3.856371e+01, 3.804678e+01, 3.748452e+01, 3.688902e+01, 3.563563e+01, 3.499205e+01, 3.434446e+01, 3.369698e+01, 3.209977e+01, 3.055470e+01, 2.908516e+01, 2.769352e+01, 2.638871e+01, 2.516297e+01, 2.401959e+01, 8.609995e+00, 6.903931e+00, 5.703632e+00, 4.820878e+00, 4.148799e+00, 3.622748e+00, 3.201570e+00, 2.857947e+00, 2.333748e+00, 2.130234e+00, 1.955406e+00, 1.803852e+00, 1.671414e+00, 1.526265e+00, 1.403009e+00, 1.205641e+00, 1.055050e+00, 9.365292e-01, 8.408052e-01, 7.618208e-01, 6.954848e-01, 6.389479e-01, 5.901693e-01, 5.682044e-01, 5.476485e-01, 5.283709e-01, 5.102568e-01, 4.339786e-01, 3.755442e-01, 3.294901e-01, 2.923744e-01, 2.619129e-01, 2.365288e-01, 2.150991e-01, 1.968032e-01, 1.810286e-01, 1.673092e-01, 1.552850e-01, 1.446734e-01, 1.124695e-01, 9.088333e-02, 7.555351e-02, 6.418707e-02, 6.418707e-02
2.003432e+01, 2.472091e+01, 2.879992e+01, 3.222347e+01, 3.723145e+01, 3.894433e+01, 4.022534e+01, 4.114180e+01, 4.175386e+01, 4.211384e+01, 4.226643e+01, 4.224943e+01, 4.209451e+01, 4.182814e+01, 4.147233e+01, 4.104535e+01, 4.056233e+01, 3.947615e+01, 3.889191e+01, 3.829013e+01, 3.767663e+01, 3.612108e+01, 3.457334e+01, 3.306731e+01, 3.161755e+01, 3.023864e+01, 2.892910e+01, 2.769535e+01, 1.025779e+01, 8.252745e+00, 6.834236e+00, 5.786846e+00, 4.987039e+00, 4.359555e+00, 3.856229e+00, 3.444957e+00, 2.816448e+00, 2.572068e+00, 2.361965e+00, 2.179704e+00, 2.020333e+00, 1.845423e+00, 1.696840e+00, 1.458802e+00, 1.277076e+00, 1.133977e+00, 1.018352e+00, 9.229092e-01, 8.427223e-01, 7.743590e-01, 7.153599e-01, 6.887876e-01, 6.639167e-01, 6.405896e-01, 6.186681e-01, 5.263300e-01, 4.555622e-01, 3.997681e-01, 3.547897e-01, 3.178662e-01, 2.870909e-01, 2.611051e-01, 2.389160e-01, 2.197820e-01, 2.031390e-01, 1.885508e-01, 1.756753e-01, 1.365932e-01, 1.103902e-01, 9.177825e-02, 7.797635e-02, 7.797635e-02
1.737467e+01, 2.223612e+01, 2.667275e+01, 3.056503e+01, 3.663749e+01, 3.888045e+01, 4.066510e+01, 4.204953e+01, 4.308942e+01, 4.383579e+01, 4.433401e+01, 4.462372e+01, 4.473918e+01, 4.470968e+01, 4.456020e+01, 4.431189e+01, 4.398267e+01, 4.313953e+01, 4.264907e+01, 4.212527e+01, 4.157573e+01, 4.012754e+01, 3.863174e+01, 3.713360e+01, 3.566215e+01, 3.423841e+01, 3.286887e+01, 3.156362e+01, 1.209864e+01, 9.767936e+00, 8.109263e+00, 6.879369e+00, 5.937226e+00, 5.196252e+00, 4.600721e+00, 4.113322e+00, 3.367086e+00, 3.076467e+00, 2.826399e+00, 2.609309e+00, 2.419357e+00, 2.210582e+00, 2.033161e+00, 1.748778e+00, 1.531538e+00, 1.360385e+00, 1.222027e+00, 1.107773e+00, 1.011746e+00, 9.298504e-01, 8.591519e-01, 8.273036e-01, 7.974908e-01, 7.695251e-01, 7.432414e-01, 6.324950e-01, 5.475807e-01, 4.806087e-01, 4.266028e-01, 3.822571e-01, 3.452874e-01, 3.140655e-01, 2.874009e-01, 2.644044e-01, 2.443991e-01, 2.268618e-01, 2.113818e-01, 1.643850e-01, 1.328673e-01, 1.104760e-01, 9.386914e-02, 9.386914e-02
1.471736e+01, 1.956870e+01, 2.420151e+01, 2.843533e+01, 3.542134e+01, 3.816220e+01, 4.044007e+01, 4.229880e+01, 4.378537e+01, 4.494596e+01, 4.582383e+01, 4.645832e+01, 4.688454e+01, 4.713339e+01, 4.723183e+01, 4.720324e+01, 4.706780e+01, 4.654326e+01, 4.618181e+01, 4.576939e+01, 4.531534e+01, 4.404515e+01, 4.266164e+01, 4.122176e+01, 3.977101e+01, 3.833742e+01, 3.693702e+01, 3.558410e+01, 1.413844e+01, 1.145672e+01, 9.536226e+00, 8.105820e+00, 7.006409e+00, 6.139500e+00, 5.441305e+00, 4.868911e+00, 3.990819e+00, 3.648276e+00, 3.353266e+00, 3.096960e+00, 2.872541e+00, 2.625504e+00, 2.415480e+00, 2.078661e+00, 1.821200e+00, 1.618247e+00, 1.454103e+00, 1.318496e+00, 1.204478e+00, 1.107206e+00, 1.023207e+00, 9.853584e-01, 9.499242e-01, 9.166812e-01, 8.854338e-01, 7.537303e-01, 6.526993e-01, 5.729853e-01, 5.086839e-01, 4.558701e-01, 4.118308e-01, 3.746311e-01, 3.428558e-01, 3.154475e-01, 2.916013e-01, 2.706943e-01, 2.522380e-01, 1.961935e-01, 1.585979e-01, 1.318834e-01, 1.120671e-01, 1.120671e-01
1.218486e+01, 1.686085e+01, 2.152889e+01, 2.596443e+01, 3.366926e+01, 3.685163e+01, 3.958912e+01, 4.190734e+01, 4.384072e+01, 4.542723e+01, 4.670514e+01, 4.771114e+01, 4.847930e+01, 4.904058e+01, 4.942279e+01, 4.965059e+01, 4.974571e+01, 4.961180e+01, 4.941392e+01, 4.914620e+01, 4.881958e+01, 4.780060e+01, 4.659368e+01, 4.526718e+01, 4.388455e+01, 4.248112e+01, 4.108395e+01, 3.971190e+01, 1.638154e+01, 1.332530e+01, 1.112196e+01, 9.473115e+00, 8.201333e+00, 7.195756e+00, 6.384107e+00, 5.717510e+00, 4.692791e+00, 4.292344e+00, 3.947142e+00, 3.646984e+00, 3.383979e+00, 3.093997e+00, 2.847358e+00, 2.451596e+00, 2.148880e+00, 1.910113e+00, 1.716906e+00, 1.557216e+00, 1.422896e+00, 1.308261e+00, 1.209235e+00, 1.164606e+00, 1.122818e+00, 1.083609e+00, 1.046748e+00, 8.913344e-01, 7.720559e-01, 6.779066e-01, 6.019354e-01, 5.395194e-01, 4.874606e-01, 4.434780e-01, 4.059022e-01, 3.734854e-01, 3.452777e-01, 3.205439e-01, 2.987068e-01, 2.323820e-01, 1.878774e-01, 1.562470e-01, 1.327805e-01, 1.327805e-01
9.866348e+00, 1.423246e+01, 1.878769e+01, 2.328383e+01, 3.148473e+01, 3.503236e+01, 3.817527e+01, 4.091812e+01, 4.327977e+01, 4.528704e+01, 4.697052e+01, 4.836189e+01, 4.949217e+01, 5.039078e+01, 5.108497e+01, 5.159961e+01, 5.195716e+01, 5.227915e+01, 5.227731e+01, 5.218619e+01, 5.201812e+01, 5.132359e+01, 5.035946e+01, 4.920467e+01, 4.794142e+01, 4.661240e+01, 4.525685e+01, 4.389844e+01, 1.883062e+01, 1.537876e+01, 1.287254e+01, 1.098765e+01, 9.528377e+00, 8.371225e+00, 7.435080e+00, 6.664792e+00, 5.478103e+00, 5.013502e+00, 4.612604e+00, 4.263719e+00, 3.957787e+00, 3.619901e+00, 3.332390e+00, 2.870775e+00, 2.517442e+00, 2.238583e+00, 2.012814e+00, 1.826122e+00, 1.669023e+00, 1.534897e+00, 1.418995e+00, 1.366747e+00, 1.317818e+00, 1.271902e+00, 1.228730e+00, 1.046646e+00, 9.068246e-01, 7.964142e-01, 7.072906e-01, 6.340474e-01, 5.729430e-01, 5.213069e-01, 4.771843e-01, 4.391134e-01, 4.059809e-01, 3.769250e-01, 3.512691e-01, 2.733279e-01, 2.210131e-01, 1.838237e-01, 1.562286e-01, 1.562286e-01
7.817625e+00, 1.177606e+01, 1.609292e+01, 2.051740e+01, 2.898017e+01, 3.280262e+01, 3.628001e+01, 3.939504e+01, 4.214904e+01, 4.455543e+01, 4.663483e+01, 4.841174e+01, 4.991224e+01, 5.116249e+01, 5.218781e+01, 5.301208e+01, 5.365745e+01, 5.449092e+01, 5.471413e+01, 5.482883e+01, 5.484841e+01, 5.454890e+01, 5.389355e+01, 5.297024e+01, 5.188015e+01, 5.067295e+01, 4.940092e+01, 4.809259e+01, 2.148663e+01, 1.762097e+01, 1.479320e+01, 1.265521e+01, 1.099349e+01, 9.671804e+00, 8.599959e+00, 7.716272e+00, 6.351785e+00, 5.816539e+00, 5.354208e+00, 4.951499e+00, 4.598090e+00, 4.207074e+00, 3.874197e+00, 3.339422e+00, 2.929791e+00, 2.606297e+00, 2.344245e+00, 2.127444e+00, 1.944928e+00, 1.789040e+00, 1.654284e+00, 1.593522e+00, 1.536610e+00, 1.483196e+00, 1.432967e+00, 1.221039e+00, 1.058214e+00, 9.295822e-01, 8.257123e-01, 7.403243e-01, 6.690695e-01, 6.088423e-01, 5.573688e-01, 5.129476e-01, 4.742827e-01, 4.403705e-01, 4.104231e-01, 3.194229e-01, 2.583239e-01, 2.148803e-01, 1.826388e-01, 1.826388e-01
6.064369e+00, 9.555419e+00, 1.353679e+01, 1.777430e+01, 2.626920e+01, 3.026802e+01, 3.399711e+01, 3.741776e+01, 4.051315e+01, 4.328190e+01, 4.573299e+01, 4.788197e+01, 4.974826e+01, 5.135321e+01, 5.271877e+01, 5.386660e+01, 5.481752e+01, 5.620589e+01, 5.667846e+01, 5.702432e+01, 5.725747e+01, 5.741830e+01, 5.713523e+01, 5.650286e+01, 5.564072e+01, 5.460472e+01, 5.346066e+01, 5.224178e+01, 2.434868e+01, 2.005454e+01, 1.688826e+01, 1.448095e+01, 1.260216e+01, 1.110304e+01, 9.884219e+00, 8.877279e+00, 7.318769e+00, 6.706174e+00, 6.176464e+00, 5.714632e+00, 5.309002e+00, 4.859372e+00, 4.476409e+00, 3.860781e+00, 3.388860e+00, 3.015930e+00, 2.713657e+00, 2.463452e+00, 2.252717e+00, 2.072653e+00, 1.916940e+00, 1.846710e+00, 1.780921e+00, 1.719164e+00, 1.661082e+00, 1.415927e+00, 1.227467e+00, 1.078515e+00, 9.581920e-01, 8.592469e-01, 7.766565e-01, 7.068320e-01, 6.471439e-01, 5.956246e-01, 5.507743e-01, 5.114316e-01, 4.766842e-01, 3.710726e-01, 3.001402e-01, 2.496931e-01, 2.122472e-01, 2.122472e-01
4.607613e+00, 7.607052e+00, 1.118674e+01, 1.514440e+01, 2.345980e+01, 2.753486e+01, 3.142627e+01, 3.507611e+01, 3.845006e+01, 4.153156e+01, 4.431698e+01, 4.681169e+01, 4.902710e+01, 5.097836e+01, 5.268278e+01, 5.415863e+01, 5.542436e+01, 5.739694e+01, 5.813746e+01, 5.873487e+01, 5.920332e+01, 5.988214e+01, 6.003020e+01, 5.974602e+01, 5.916604e+01, 5.835131e+01, 5.738116e+01, 5.629316e+01, 2.741406e+01, 2.268074e+01, 1.916106e+01, 1.646928e+01, 1.435931e+01, 1.267008e+01, 1.129304e+01, 1.015291e+01, 8.383859e+00, 7.687035e+00, 7.083816e+00, 6.557379e+00, 6.094608e+00, 5.580637e+00, 5.142651e+00, 4.438108e+00, 3.897602e+00, 3.470183e+00, 3.123536e+00, 2.836447e+00, 2.594531e+00, 2.387735e+00, 2.208836e+00, 2.128127e+00, 2.052508e+00, 1.981513e+00, 1.914733e+00, 1.632752e+00, 1.415856e+00, 1.244348e+00, 1.105749e+00, 9.917372e-01, 8.965444e-01, 8.160460e-01, 7.472192e-01, 6.878008e-01, 6.360656e-01, 5.906769e-01, 5.505844e-01, 4.286958e-01, 3.468041e-01, 2.885484e-01, 2.452984e-01, 2.452984e-01
3.430151e+00, 5.943842e+00, 9.085844e+00, 1.269604e+01, 2.064910e+01, 2.470431e+01, 2.866733e+01, 3.246460e+01, 3.604608e+01, 3.938072e+01, 4.245213e+01, 4.525486e+01, 4.779136e+01, 5.006957e+01, 5.210109e+01, 5.389974e+01, 5.548063e+01, 5.805135e+01, 5.907189e+01, 5.993550e+01, 6.065593e+01, 6.190054e+01, 6.253190e+01, 6.264913e+01, 6.240334e+01, 6.185929e+01, 6.110931e+01, 6.019474e+01, 3.067816e+01, 2.549943e+01, 2.161394e+01, 1.862386e+01, 1.626931e+01, 1.437763e+01, 1.283125e+01, 1.154801e+01, 9.551708e+00, 8.763632e+00, 8.080620e+00, 7.483938e+00, 6.958946e+00, 6.374680e+00, 5.876530e+00, 5.074659e+00, 4.458982e+00, 3.971774e+00, 3.576391e+00, 3.248757e+00, 2.972539e+00, 2.736315e+00, 2.531875e+00, 2.439618e+00, 2.353164e+00, 2.271983e+00, 2.195610e+00, 1.872989e+00, 1.624683e+00, 1.428240e+00, 1.269427e+00, 1.138742e+00, 1.029597e+00, 9.372762e-01, 8.583243e-01, 7.901519e-01, 7.307845e-01, 6.786921e-01, 6.326719e-01, 4.927252e-01, 3.986684e-01, 3.317418e-01, 2.820449e-01, 2.820449e-01
2.502925e+00, 4.559873e+00, 7.255236e+00, 1.047590e+01, 1.791956e+01, 2.186773e+01, 2.581522e+01, 2.967726e+01, 3.339100e+01, 3.691245e+01, 4.021313e+01, 4.327677e+01, 4.609648e+01, 4.867232e+01, 5.100936e+01, 5.311619e+01, 5.500367e+01, 5.817050e+01, 5.947616e+01, 6.061426e+01, 6.159763e+01, 6.344423e+01, 6.460258e+01, 6.516870e+01, 6.530541e+01, 6.507939e+01, 6.459500e+01, 6.389650e+01, 3.413452e+01, 2.850907e+01, 2.424811e+01, 2.094751e+01, 1.833588e+01, 1.622991e+01, 1.450331e+01, 1.306712e+01, 1.082679e+01, 9.940334e+00, 9.171123e+00, 8.498423e+00, 7.905991e+00, 7.245268e+00, 6.681622e+00, 5.773677e+00, 5.075965e+00, 4.523434e+00, 4.074748e+00, 3.702731e+00, 3.388933e+00, 3.120446e+00, 2.887987e+00, 2.783055e+00, 2.684706e+00, 2.592339e+00, 2.505429e+00, 2.138140e+00, 1.855277e+00, 1.631380e+00, 1.450296e+00, 1.301232e+00, 1.176699e+00, 1.071335e+00, 9.812087e-01, 9.033720e-01, 8.355768e-01, 7.760799e-01, 7.235110e-01, 5.636063e-01, 4.560972e-01, 3.795786e-01, 3.227478e-01, 3.227478e-01
1.790669e+00, 3.435646e+00, 5.697677e+00, 8.510543e+00, 1.533694e+01, 1.910344e+01, 2.295588e+01, 2.680331e+01, 3.057361e+01, 3.421225e+01, 3.768000e+01, 4.095047e+01, 4.400752e+01, 4.684312e+01, 4.945539e+01, 5.184703e+01, 5.402406e+01, 5.776914e+01, 5.935779e+01, 6.077201e+01, 6.202317e+01, 6.449503e+01, 6.621403e+01, 6.726926e+01, 6.783160e+01, 6.796760e+01, 6.779216e+01, 6.735143e+01, 3.777482e+01, 3.170666e+01, 2.706371e+01, 2.344220e+01, 2.056209e+01, 1.823061e+01, 1.631327e+01, 1.471447e+01, 1.221336e+01, 1.122135e+01, 1.035944e+01, 9.604845e+00, 8.939638e+00, 8.196104e+00, 7.561454e+00, 6.538382e+00, 5.751509e+00, 5.127894e+00, 4.621144e+00, 4.200733e+00, 3.845925e+00, 3.542204e+00, 3.279125e+00, 3.160335e+00, 3.048976e+00, 2.944374e+00, 2.845933e+00, 2.429734e+00, 2.108993e+00, 1.854981e+00, 1.649449e+00, 1.480199e+00, 1.338757e+00, 1.219056e+00, 1.116641e+00, 1.028174e+00, 9.511050e-01, 8.834590e-01, 8.236814e-01, 6.417973e-01, 5.194652e-01, 4.323731e-01, 3.676760e-01, 3.676760e-01
1.256430e+00, 2.543062e+00, 4.401764e+00, 6.809080e+00, 1.294965e+01, 1.647475e+01, 2.016342e+01, 2.392359e+01, 2.767787e+01, 3.136407e+01, 3.493424e+01, 3.835305e+01, 4.159580e+01, 4.464656e+01, 4.749639e+01, 5.014184e+01, 5.258365e+01, 5.687405e+01, 5.873648e+01, 6.042174e+01, 6.193921e+01, 6.504582e+01, 6.734802e+01, 6.892402e+01, 6.994862e+01, 7.048602e+01, 7.065968e+01, 7.051647e+01, 4.158891e+01, 3.508773e+01, 3.005971e+01, 2.610900e+01, 2.295030e+01, 2.038287e+01, 1.826473e+01, 1.649391e+01, 1.371546e+01, 1.261069e+01, 1.164954e+01, 1.080709e+01, 1.006368e+01, 9.230815e+00, 8.519497e+00, 7.371960e+00, 6.488553e+00, 5.787879e+00, 5.218115e+00, 4.745135e+00, 4.345739e+00, 4.003680e+00, 3.707260e+00, 3.573374e+00, 3.447839e+00, 3.329898e+00, 3.218886e+00, 2.749321e+00, 2.387209e+00, 2.100276e+00, 1.868001e+00, 1.676657e+00, 1.516699e+00, 1.381290e+00, 1.265408e+00, 1.165286e+00, 1.078049e+00, 1.001464e+00, 9.337777e-01, 7.277690e-01, 5.891581e-01, 4.904489e-01, 4.171063e-01, 4.171063e-01
8.648243e-01, 1.849735e+00, 3.346183e+00, 5.366562e+00, 1.078937e+01, 1.402933e+01, 1.749839e+01, 2.110810e+01, 2.477985e+01, 2.844701e+01, 3.205534e+01, 3.556226e+01, 3.893559e+01, 4.215215e+01, 4.519622e+01, 4.805819e+01, 5.073333e+01, 5.552249e+01, 5.764278e+01, 5.958748e+01, 6.136356e+01, 6.510032e+01, 6.799635e+01, 7.011520e+01, 7.163112e+01, 7.260356e+01, 7.316222e+01, 7.335328e+01, 4.556494e+01, 3.864639e+01, 3.323393e+01, 2.894806e+01, 2.550210e+01, 2.268924e+01, 2.036082e+01, 1.840892e+01, 1.533687e+01, 1.411217e+01, 1.304522e+01, 1.210891e+01, 1.128181e+01, 1.035294e+01, 9.559147e+00, 8.277551e+00, 7.290011e+00, 6.506103e+00, 5.868198e+00, 5.338312e+00, 4.890607e+00, 4.506977e+00, 4.174379e+00, 4.024103e+00, 3.883172e+00, 3.750742e+00, 3.626069e+00, 3.098472e+00, 2.691325e+00, 2.368522e+00, 2.107089e+00, 1.891639e+00, 1.711470e+00, 1.558908e+00, 1.428314e+00, 1.315457e+00, 1.217103e+00, 1.130745e+00, 1.054409e+00, 8.220047e-01, 6.655716e-01, 5.541385e-01, 4.713236e-01, 4.713236e-01
5.840981e-01, 1.322415e+00, 2.503618e+00, 4.167561e+00, 8.872679e+00, 1.179960e+01, 1.500711e+01, 1.841442e+01, 2.194552e+01, 2.553264e+01, 2.911786e+01, 3.265340e+01, 3.610108e+01, 3.943144e+01, 4.262257e+01, 4.565903e+01, 4.853071e+01, 5.376028e+01, 5.611642e+01, 5.830291e+01, 6.032397e+01, 6.467239e+01, 6.816063e+01, 7.083419e+01, 7.286203e+01, 7.429649e+01, 7.527078e+01, 7.582897e+01, 4.968936e+01, 4.237530e+01, 3.658299e+01, 3.195857e+01, 2.821836e+01, 2.515163e+01, 2.260415e+01, 2.046257e+01, 1.708109e+01, 1.572937e+01, 1.455008e+01, 1.351389e+01, 1.259757e+01, 1.156590e+01, 1.068371e+01, 9.258237e+00, 8.158758e+00, 7.285256e+00, 6.573915e+00, 5.982637e+00, 5.482766e+00, 5.054207e+00, 4.682478e+00, 4.514466e+00, 4.356870e+00, 4.208750e+00, 4.069280e+00, 3.478778e+00, 3.022757e+00, 2.660995e+00, 2.367866e+00, 2.126198e+00, 1.924035e+00, 1.752798e+00, 1.606181e+00, 1.479448e+00, 1.368979e+00, 1.271967e+00, 1.186200e+00, 9.249993e-01, 7.491116e-01, 6.237831e-01, 5.306204e-01, 5.306204e-01
3.871724e-01, 9.294454e-01, 1.844057e+00, 3.189614e+00, 7.203216e+00, 9.803972e+00, 1.272194e+01, 1.588714e+01, 1.922945e+01, 2.268308e+01, 2.618913e+01, 2.969681e+01, 3.316365e+01, 3.655518e+01, 3.984424e+01, 4.301011e+01, 4.603764e+01, 5.163981e+01, 5.420454e+01, 5.660978e+01, 5.885676e+01, 6.378514e+01, 6.785181e+01, 7.108132e+01, 7.363261e+01, 7.554862e+01, 7.696315e+01, 7.791661e+01, 5.394707e+01, 4.626571e+01, 4.010236e+01, 3.513875e+01, 3.109914e+01, 2.777133e+01, 2.499681e+01, 2.265748e+01, 1.895131e+01, 1.746561e+01, 1.616751e+01, 1.502545e+01, 1.401436e+01, 1.287301e+01, 1.189641e+01, 1.031703e+01, 9.097625e+00, 8.127999e+00, 7.337771e+00, 6.680472e+00, 6.124446e+00, 5.647482e+00, 5.233561e+00, 5.046414e+00, 4.870832e+00, 4.705775e+00, 4.550327e+00, 3.891842e+00, 3.382942e+00, 2.978986e+00, 2.651506e+00, 2.381405e+00, 2.155375e+00, 1.963865e+00, 1.799845e+00, 1.658037e+00, 1.534403e+00, 1.425809e+00, 1.329786e+00, 1.037260e+00, 8.401944e-01, 6.997328e-01, 5.952967e-01, 5.952967e-01
2.519234e-01, 6.423368e-01, 1.337375e+00, 2.406299e+00, 5.774253e+00, 8.048711e+00, 1.066232e+01, 1.355803e+01, 1.667426e+01, 1.994988e+01, 2.332759e+01, 2.675581e+01, 3.018963e+01, 3.359105e+01, 3.692876e+01, 4.017758e+01, 4.331789e+01, 4.921787e+01, 5.195970e+01, 5.455611e+01, 5.700521e+01, 6.246973e+01, 6.708939e+01, 7.086545e+01, 7.394235e+01, 7.635149e+01, 7.822416e+01, 7.959557e+01, 5.832154e+01, 5.030755e+01, 4.378635e+01, 3.848586e+01, 3.414367e+01, 3.054894e+01, 2.754035e+01, 2.499583e+01, 2.095041e+01, 1.932395e+01, 1.790068e+01, 1.664681e+01, 1.553542e+01, 1.427745e+01, 1.320032e+01, 1.145687e+01, 1.010939e+01, 9.036955e+00, 8.162247e+00, 7.434165e+00, 6.817873e+00, 6.288912e+00, 5.829631e+00, 5.621902e+00, 5.426967e+00, 5.243679e+00, 5.071026e+00, 4.339282e+00, 3.773329e+00, 3.323806e+00, 2.959198e+00, 2.658344e+00, 2.406489e+00, 2.193029e+00, 2.010161e+00, 1.852018e+00, 1.714114e+00, 1.592963e+00, 1.485818e+00, 1.159303e+00, 9.392455e-01, 7.823461e-01, 6.656600e-01, 6.656600e-01
1.609370e-01, 4.365784e-01, 9.551735e-01, 1.789757e+00, 4.571309e+00, 6.530068e+00, 8.836296e+00, 1.144692e+01, 1.431075e+01, 1.737355e+01, 2.058182e+01, 2.388532e+01, 2.723857e+01, 3.060161e+01, 3.394023e+01, 3.722581e+01, 4.043497e+01, 4.655367e+01, 4.943799e+01, 5.219439e+01, 5.481787e+01, 6.076414e+01, 6.590047e+01, 7.020339e+01, 7.379862e+01, 7.670418e+01, 7.904571e+01, 8.085178e+01, 6.279491e+01, 5.448942e+01, 4.762809e+01, 4.199617e+01, 3.735040e+01, 3.348439e+01, 3.023571e+01, 2.747929e+01, 2.308092e+01, 2.130717e+01, 1.975250e+01, 1.838098e+01, 1.716382e+01, 1.578222e+01, 1.459842e+01, 1.268060e+01, 1.119676e+01, 1.001470e+01, 9.049790e+00, 8.246042e+00, 7.565257e+00, 6.980600e+00, 6.472693e+00, 6.242886e+00, 6.027184e+00, 5.824325e+00, 5.633199e+00, 4.822724e+00, 4.195382e+00, 3.696778e+00, 3.292147e+00, 2.958120e+00, 2.678388e+00, 2.441225e+00, 2.237993e+00, 2.062197e+00, 1.908866e+00, 1.774135e+00, 1.654960e+00, 1.291660e+00, 1.046700e+00, 8.719898e-01, 7.420254e-01, 7.420254e-01
1.009573e-01, 2.918729e-01, 6.719444e-01, 1.312632e+00, 3.574641e+00, 5.236580e+00, 7.242360e+00, 9.562985e+00, 1.215867e+01, 1.498366e+01, 1.799013e+01, 2.113102e+01, 2.436203e+01, 2.764283e+01, 3.093765e+01, 3.421552e+01, 3.745019e+01, 4.370684e+01, 4.669707e+01, 4.957975e+01, 5.234689e+01, 5.871165e+01, 6.431867e+01, 6.911902e+01, 7.321611e+01, 7.661303e+01, 7.942671e+01, 8.167771e+01, 6.734817e+01, 5.879873e+01, 5.161963e+01, 4.566499e+01, 4.071691e+01, 3.657689e+01, 3.308328e+01, 3.010905e+01, 2.534503e+01, 2.341772e+01, 2.172565e+01, 2.023075e+01, 1.890242e+01, 1.739020e+01, 1.609355e+01, 1.399097e+01, 1.236237e+01, 1.106376e+01, 1.000281e+01, 9.118400e+00, 8.368791e+00, 7.724639e+00, 7.164742e+00, 6.911315e+00, 6.673388e+00, 6.449578e+00, 6.238667e+00, 5.343801e+00, 4.650572e+00, 4.099237e+00, 3.651569e+00, 3.281845e+00, 2.972100e+00, 2.709403e+00, 2.484225e+00, 2.289396e+00, 2.119425e+00, 1.970044e+00, 1.837886e+00, 1.434868e+00, 1.163004e+00, 9.690388e-01, 8.247150e-01, 8.247150e-01
6.219857e-02, 1.919655e-01, 4.656636e-01, 9.494288e-01, 2.761450e+00, 4.151284e+00, 5.871478e+00, 7.906364e+00, 1.022783e+01, 1.279955e+01, 1.558071e+01, 1.852900e+01, 2.160286e+01, 2.476305e+01, 2.797359e+01, 3.120231e+01, 3.442104e+01, 4.073570e+01, 4.379444e+01, 4.676821e+01, 4.964626e+01, 5.635942e+01, 6.238287e+01, 6.764243e+01, 7.221616e+01, 7.609118e+01, 7.937280e+01, 8.207234e+01, 7.196131e+01, 6.322172e+01, 5.575191e+01, 4.948666e+01, 4.424000e+01, 3.982497e+01, 3.608281e+01, 3.288579e+01, 2.774452e+01, 2.565773e+01, 2.382249e+01, 2.219867e+01, 2.075390e+01, 1.910406e+01, 1.768839e+01, 1.539061e+01, 1.360879e+01, 1.218660e+01, 1.102367e+01, 1.005351e+01, 9.230643e+00, 8.523102e+00, 7.907763e+00, 7.629133e+00, 7.367481e+00, 7.121297e+00, 6.889251e+00, 5.904153e+00, 5.140381e+00, 4.532530e+00, 4.038694e+00, 3.630650e+00, 3.288664e+00, 2.998524e+00, 2.749749e+00, 2.534446e+00, 2.346571e+00, 2.181421e+00, 2.035285e+00, 1.589479e+00, 1.288609e+00, 1.073876e+00, 9.140579e-01, 9.140579e-01
3.763957e-02, 1.242257e-01, 3.179509e-01, 6.773501e-01, 2.107734e+00, 3.253739e+00, 4.709048e+00, 6.469932e+00, 8.519533e+00, 1.083128e+01, 1.337222e+01, 1.610596e+01, 1.899497e+01, 2.200242e+01, 2.509334e+01, 2.823552e+01, 3.139988e+01, 3.769575e+01, 4.078588e+01, 4.381512e+01, 4.677030e+01, 5.375702e+01, 6.013598e+01, 6.580879e+01, 7.082596e+01, 7.515799e+01, 7.889594e+01, 8.204090e+01, 7.661346e+01, 6.774360e+01, 6.001486e+01, 5.345459e+01, 4.791560e+01, 4.322641e+01, 3.923347e+01, 3.580965e+01, 3.028081e+01, 2.802903e+01, 2.604512e+01, 2.428704e+01, 2.272068e+01, 2.092631e+01, 1.938545e+01, 1.688203e+01, 1.493847e+01, 1.338560e+01, 1.211469e+01, 1.105359e+01, 1.015295e+01, 9.378044e+00, 8.703727e+00, 8.398269e+00, 8.111352e+00, 7.841333e+00, 7.586764e+00, 6.505417e+00, 5.666296e+00, 4.998010e+00, 4.454762e+00, 4.005673e+00, 3.629132e+00, 3.309564e+00, 3.035471e+00, 2.798194e+00, 2.591095e+00, 2.409007e+00, 2.247853e+00, 1.756052e+00, 1.423979e+00, 1.186893e+00, 1.010391e+00, 1.010391e+00
2.237623e-02, 7.910708e-02, 2.139208e-01, 4.767073e-01, 1.589735e+00, 2.521767e+00, 3.736746e+00, 5.241053e+00, 7.028121e+00, 9.080910e+00, 1.137470e+01, 1.387972e+01, 1.656349e+01, 1.939266e+01, 2.233442e+01, 2.535753e+01, 2.843299e+01, 3.463836e+01, 3.772408e+01, 4.077375e+01, 4.377217e+01, 5.095501e+01, 5.762362e+01, 6.365730e+01, 6.907761e+01, 7.383828e+01, 7.801386e+01, 8.159448e+01, 8.128312e+01, 7.234861e+01, 6.439741e+01, 5.756127e+01, 5.173884e+01, 4.677831e+01, 4.253377e+01, 3.888023e+01, 3.295490e+01, 3.053304e+01, 2.839532e+01, 2.649788e+01, 2.480498e+01, 2.285924e+01, 2.118709e+01, 1.846763e+01, 1.635378e+01, 1.466309e+01, 1.327811e+01, 1.212082e+01, 1.113782e+01, 1.029149e+01, 9.554584e+00, 9.220636e+00, 8.906878e+00, 8.611528e+00, 8.333012e+00, 7.149234e+00, 6.229809e+00, 5.497041e+00, 4.901022e+00, 4.408064e+00, 3.994567e+00, 3.643506e+00, 3.342309e+00, 3.081495e+00, 2.853798e+00, 2.653556e+00, 2.476301e+00, 1.935156e+00, 1.569585e+00, 1.308487e+00, 1.114056e+00, 1.114056e+00
1.306952e-02, 4.957776e-02, 1.418415e-01, 3.310020e-01, 1.184994e+00, 1.932865e+00, 2.934142e+00, 4.203256e+00, 5.742567e+00, 7.543901e+00, 9.590655e+00, 1.186006e+01, 1.432529e+01, 1.695734e+01, 1.972645e+01, 2.260332e+01, 2.555993e+01, 3.160984e+01, 3.465755e+01, 3.769407e+01, 4.070265e+01, 4.800364e+01, 5.489290e+01, 6.123006e+01, 6.700716e+01, 7.216158e+01, 7.674948e+01, 8.074959e+01, 8.594828e+01, 7.702018e+01, 6.888758e+01, 6.179830e+01, 5.570406e+01, 5.047704e+01, 4.598162e+01, 4.209658e+01, 3.576738e+01, 3.317087e+01, 3.087455e+01, 2.883295e+01, 2.700878e+01, 2.490493e+01, 2.309547e+01, 2.014963e+01, 1.785698e+01, 1.602131e+01, 1.451612e+01, 1.325733e+01, 1.218732e+01, 1.126544e+01, 1.046226e+01, 1.009813e+01, 9.755919e+00, 9.433706e+00, 9.129787e+00, 7.837236e+00, 6.832411e+00, 6.030987e+00, 5.378729e+00, 4.838981e+00, 4.386039e+00, 4.001348e+00, 3.671189e+00, 3.385217e+00, 3.135493e+00, 2.915831e+00, 2.721347e+00, 2.127372e+00, 1.725906e+00, 1.439065e+00, 1.225403e+00, 1.225403e+00
7.500866e-03, 3.058262e-02, 9.269582e-02, 2.267766e-01, 8.730499e-01, 1.465281e+00, 2.280051e+00, 3.337721e+00, 4.647990e+00, 6.210524e+00, 8.016367e+00, 1.004971e+01, 1.228973e+01, 1.471227e+01, 1.729139e+01, 2.000049e+01, 2.281332e+01, 2.865075e+01, 3.162976e+01, 3.462181e+01, 3.760908e+01, 4.495168e+01, 5.199122e+01, 5.857091e+01, 6.465363e+01, 7.016122e+01, 7.513016e+01, 7.952757e+01, 9.058666e+01, 8.174098e+01, 7.347253e+01, 6.615645e+01, 5.980479e+01, 5.431824e+01, 4.957430e+01, 4.545721e+01, 3.871841e+01, 3.594322e+01, 3.348396e+01, 3.129371e+01, 2.933376e+01, 2.706525e+01, 2.511256e+01, 2.193015e+01, 1.945022e+01, 1.746238e+01, 1.583085e+01, 1.446520e+01, 1.330346e+01, 1.230185e+01, 1.142866e+01, 1.103261e+01, 1.066031e+01, 1.030967e+01, 9.978864e+00, 8.571051e+00, 7.475594e+00, 6.601220e+00, 5.889144e+00, 5.299588e+00, 4.804629e+00, 4.384092e+00, 4.023049e+00, 3.710235e+00, 3.437001e+00, 3.196605e+00, 2.983720e+00, 2.333286e+00, 1.893429e+00, 1.579040e+00, 1.344790e+00, 1.344790e+00
4.230459e-03, 1.857053e-02, 5.971294e-02, 1.533204e-01, 6.358264e-01, 1.098775e+00, 1.753594e+00, 2.624560e+00, 3.727019e+00, 5.067239e+00, 6.643135e+00, 8.445514e+00, 1.045955e+01, 1.266628e+01, 1.504399e+01, 1.756941e+01, 2.021873e+01, 2.579549e+01, 2.867862e+01, 3.159774e+01, 3.453452e+01, 4.184538e+01, 4.896517e+01, 5.572441e+01, 6.205798e+01, 6.787352e+01, 7.318697e+01, 7.795398e+01, 9.517587e+01, 8.649311e+01, 7.813866e+01, 7.062568e+01, 6.403381e+01, 5.829690e+01, 5.330845e+01, 4.896007e+01, 4.180772e+01, 3.885042e+01, 3.622434e+01, 3.388132e+01, 3.178139e+01, 2.934184e+01, 2.724014e+01, 2.381112e+01, 2.113550e+01, 1.898837e+01, 1.722432e+01, 1.574644e+01, 1.448821e+01, 1.340264e+01, 1.245565e+01, 1.202593e+01, 1.162187e+01, 1.124122e+01, 1.088200e+01, 9.352296e+00, 8.160845e+00, 7.209109e+00, 6.433533e+00, 5.791058e+00, 5.251425e+00, 4.792751e+00, 4.398833e+00, 4.057435e+00, 3.759155e+00, 3.496661e+00, 3.264158e+00, 2.553496e+00, 2.072651e+00, 1.728831e+00, 1.472577e+00, 1.472577e+00
2.344932e-03, 1.110140e-02, 3.792018e-02, 1.023006e-01, 4.577800e-01, 8.150932e-01, 1.334986e+00, 2.043843e+00, 2.960996e+00, 4.097961e+00, 5.458546e+00, 7.039580e+00, 8.831987e+00, 1.082201e+01, 1.299243e+01, 1.532373e+01, 1.779501e+01, 2.307213e+01, 2.583611e+01, 2.865723e+01, 3.151715e+01, 3.872767e+01, 4.585960e+01, 5.273483e+01, 5.926218e+01, 6.533682e+01, 7.095384e+01, 7.605790e+01, 9.969358e+01, 9.125816e+01, 8.287166e+01, 7.519520e+01, 6.838317e+01, 6.240729e+01, 5.718011e+01, 5.260255e+01, 4.503458e+01, 4.189242e+01, 3.909614e+01, 3.659663e+01, 3.435283e+01, 3.173608e+01, 2.947976e+01, 2.579431e+01, 2.291472e+01, 2.060120e+01, 1.869849e+01, 1.710299e+01, 1.574350e+01, 1.456970e+01, 1.354506e+01, 1.307989e+01, 1.264237e+01, 1.223009e+01, 1.184093e+01, 1.018258e+01, 8.889648e+00, 7.856025e+00, 7.013163e+00, 6.314565e+00, 5.727520e+00, 5.228346e+00, 4.799497e+00, 4.427710e+00, 4.102793e+00, 3.816789e+00, 3.563408e+00, 2.788605e+00, 2.264074e+00, 1.888867e+00, 1.609135e+00, 1.609135e+00
1.277553e-03, 6.533929e-03, 2.374136e-02, 6.737086e-02, 3.258618e-01, 5.982127e-01, 1.006068e+00, 1.576386e+00, 2.330951e+00, 3.285162e+00, 4.447631e+00, 5.820429e+00, 7.399762e+00, 9.176889e+00, 1.113914e+01, 1.327093e+01, 1.555468e+01, 2.050253e+01, 2.312821e+01, 2.582996e+01, 2.858992e+01, 3.563750e+01, 4.271677e+01, 4.964527e+01, 5.630830e+01, 6.259066e+01, 6.846684e+01, 7.387123e+01, 1.041178e+02, 9.601739e+01, 8.765661e+01, 7.985352e+01, 7.284423e+01, 6.664303e+01, 6.118469e+01, 5.638149e+01, 4.839786e+01, 4.506875e+01, 4.209946e+01, 3.944019e+01, 3.704897e+01, 3.424911e+01, 3.183276e+01, 2.788133e+01, 2.478963e+01, 2.230272e+01, 2.025523e+01, 1.853671e+01, 1.707116e+01, 1.580484e+01, 1.469868e+01, 1.419627e+01, 1.372358e+01, 1.327803e+01, 1.285735e+01, 1.106348e+01, 9.663479e+00, 8.543335e+00, 7.629304e+00, 6.871290e+00, 6.234012e+00, 5.691901e+00, 5.225998e+00, 4.821962e+00, 4.468763e+00, 4.157789e+00, 3.882225e+00, 3.039227e+00, 2.468208e+00, 2.059581e+00, 1.754838e+00, 1.754838e+00
6.841803e-04, 3.786618e-03, 1.465585e-02, 4.379442e-02, 2.293535e-01, 4.344011e-01, 7.506156e-01, 1.204310e+00, 1.818380e+00, 2.610811e+00, 3.593894e+00, 4.774059e+00, 6.152165e+00, 7.724118e+00, 9.481645e+00, 1.141315e+01, 1.350452e+01, 1.810256e+01, 2.057499e+01, 2.313990e+01, 2.578031e+01, 3.260935e+01, 3.957569e+01, 4.649682e+01, 5.323764e+01, 5.967493e+01, 6.576333e+01, 7.142797e+01, 1.084268e+02, 1.007518e+02, 9.247808e+01, 8.458852e+01, 7.740766e+01, 7.099710e+01, 6.531702e+01, 6.029318e+01, 5.189592e+01, 4.837854e+01, 4.523403e+01, 4.241219e+01, 3.987040e+01, 3.688183e+01, 3.430025e+01, 3.007359e+01, 2.676184e+01, 2.409462e+01, 2.189630e+01, 2.004940e+01, 1.847300e+01, 1.710984e+01, 1.591826e+01, 1.537679e+01, 1.486719e+01, 1.438672e+01, 1.393295e+01, 1.199659e+01, 1.048380e+01, 9.272402e+00, 8.283222e+00, 7.462413e+00, 6.772003e+00, 6.184447e+00, 5.679303e+00, 5.241097e+00, 4.857920e+00, 4.520465e+00, 4.221370e+00, 3.305981e+00, 2.685570e+00, 2.241412e+00, 1.910067e+00, 1.910067e+00
3.601968e-04, 2.160943e-03, 8.921155e-03, 2.810301e-02, 1.596272e-01, 3.121388e-01, 5.544752e-01, 9.114015e-01, 1.405810e+00, 2.057113e+00, 2.880191e+00, 3.884897e+00, 5.076024e+00, 6.453609e+00, 8.013476e+00, 9.747894e+00, 1.164629e+01, 1.588253e+01, 1.819093e+01, 2.060545e+01, 2.311038e+01, 2.967296e+01, 3.647165e+01, 4.332800e+01, 5.009005e+01, 5.662913e+01, 6.288122e+01, 6.876347e+01, 1.125996e+02, 1.054425e+02, 9.732020e+01, 8.938750e+01, 8.206353e+01, 7.546188e+01, 6.957132e+01, 6.433336e+01, 5.552673e+01, 5.182054e+01, 4.849921e+01, 4.551253e+01, 4.281742e+01, 3.963486e+01, 3.688312e+01, 3.237233e+01, 2.883279e+01, 2.597851e+01, 2.362338e+01, 2.164276e+01, 1.995074e+01, 1.848643e+01, 1.720550e+01, 1.662314e+01, 1.607489e+01, 1.555783e+01, 1.506936e+01, 1.298344e+01, 1.135207e+01, 1.004458e+01, 8.976184e+00, 8.089116e+00, 7.342597e+00, 6.707019e+00, 6.160384e+00, 5.686029e+00, 5.271123e+00, 4.905632e+00, 4.581611e+00, 3.589495e+00, 2.916685e+00, 2.434809e+00, 2.075208e+00, 2.075208e+00
1.864314e-04, 1.214458e-03, 5.355109e-03, 1.780355e-02, 1.098679e-01, 2.219517e-01, 4.055584e-01, 6.832962e-01, 1.077189e+00, 1.607080e+00, 2.289438e+00, 3.136627e+00, 4.156591e+00, 5.352901e+00, 6.725056e+00, 8.268945e+00, 9.977413e+00, 1.384774e+01, 1.598527e+01, 1.823971e+01, 2.059693e+01, 2.685321e+01, 3.343576e+01, 4.017412e+01, 4.690324e+01, 5.349164e+01, 5.985829e+01, 6.591380e+01, 1.166161e+02, 1.100703e+02, 1.021668e+02, 9.423724e+01, 8.680132e+01, 8.002913e+01, 7.394129e+01, 6.849726e+01, 5.928777e+01, 5.539307e+01, 5.189401e+01, 4.874075e+01, 4.589002e+01, 4.250854e+01, 3.958198e+01, 3.477860e+01, 3.100380e+01, 2.795583e+01, 2.543801e+01, 2.331842e+01, 2.150602e+01, 1.993624e+01, 1.856205e+01, 1.793696e+01, 1.734831e+01, 1.679298e+01, 1.626820e+01, 1.402557e+01, 1.226972e+01, 1.086122e+01, 9.709450e+00, 8.752578e+00, 7.946901e+00, 7.260654e+00, 6.670214e+00, 6.157676e+00, 5.709238e+00, 5.314106e+00, 4.963725e+00, 3.890402e+00, 3.162083e+00, 2.640223e+00, 2.250655e+00, 2.250655e+00
9.487212e-05, 6.722016e-04, 3.170174e-03, 1.113552e-02, 7.478722e-02, 1.561901e-01, 2.937392e-01, 5.075358e-01, 8.181079e-01, 1.244927e+00, 1.805173e+00, 2.512859e+00, 3.378308e+00, 4.407975e+00, 5.604528e+00, 6.967128e+00, 8.491830e+00, 1.199909e+01, 1.396257e+01, 1.605091e+01, 1.825175e+01, 2.417011e+01, 3.049486e+01, 3.706697e+01, 4.371226e+01, 5.029914e+01, 5.673150e+01, 6.291503e+01, 1.204569e+02, 1.146165e+02, 1.070014e+02, 9.912409e+01, 9.161000e+01, 8.469008e+01, 7.842004e+01, 7.277958e+01, 6.317609e+01, 5.909403e+01, 5.541705e+01, 5.209605e+01, 4.908789e+01, 4.550296e+01, 4.239724e+01, 3.729322e+01, 3.327598e+01, 3.002793e+01, 2.734166e+01, 2.507789e+01, 2.314040e+01, 2.146087e+01, 1.998949e+01, 1.931985e+01, 1.868903e+01, 1.809374e+01, 1.753103e+01, 1.512448e+01, 1.323817e+01, 1.172366e+01, 1.048428e+01, 9.453977e+00, 8.586020e+00, 7.846390e+00, 7.209772e+00, 6.656960e+00, 6.173138e+00, 5.746712e+00, 5.368492e+00, 4.209343e+00, 3.422301e+00, 2.858113e+00, 2.436804e+00, 2.436804e+00
4.747089e-05, 3.664569e-04, 1.850948e-03, 6.876912e-03, 5.035068e-02, 1.087831e-01, 2.106862e-01, 3.735179e-01, 6.159019e-01, 9.563256e-01, 1.411952e+00, 1.997671e+00, 2.725450e+00, 3.603968e+00, 4.638516e+00, 5.831100e+00, 7.180690e+00, 1.033372e+01, 1.212327e+01, 1.404286e+01, 1.608207e+01, 2.163900e+01, 2.767135e+01, 3.403453e+01, 4.054913e+01, 4.708607e+01, 5.353644e+01, 5.980270e+01, 1.241039e+02, 1.190626e+02, 1.118074e+02, 1.040340e+02, 9.647804e+01, 8.943544e+01, 8.300018e+01, 7.717452e+01, 6.718832e+01, 6.292094e+01, 5.906659e+01, 5.557731e+01, 5.241040e+01, 4.861792e+01, 4.532904e+01, 3.991685e+01, 3.565032e+01, 3.219598e+01, 2.933565e+01, 2.692261e+01, 2.485538e+01, 2.306185e+01, 2.148937e+01, 2.077333e+01, 2.009859e+01, 1.946163e+01, 1.885937e+01, 1.628164e+01, 1.425883e+01, 1.263322e+01, 1.130191e+01, 1.019449e+01, 9.261059e+00, 8.465270e+00, 7.780039e+00, 7.184805e+00, 6.663695e+00, 6.204279e+00, 5.796697e+00, 4.546962e+00, 3.697881e+00, 3.088942e+00, 2.634059e+00, 2.634059e+00
2.335674e-05, 1.967795e-04, 1.065930e-03, 4.193554e-03, 3.352985e-02, 7.499112e-02, 1.496592e-01, 2.723768e-01, 4.596441e-01, 7.285352e-01, 1.095617e+00, 1.576005e+00, 2.182635e+00, 2.925780e+00, 3.812790e+00, 4.848051e+00, 6.033086e+00, 8.845669e+00, 1.046430e+01, 1.221555e+01, 1.409100e+01, 1.927077e+01, 2.498327e+01, 3.110078e+01, 3.744249e+01, 4.388426e+01, 5.030683e+01, 5.661121e+01, 1.275399e+02, 1.233904e+02, 1.165683e+02, 1.089527e+02, 1.013935e+02, 9.425544e+01, 8.767382e+01, 8.167578e+01, 7.132061e+01, 6.687092e+01, 6.284049e+01, 5.918304e+01, 5.585662e+01, 5.185293e+01, 4.837725e+01, 4.264990e+01, 3.812760e+01, 3.446102e+01, 3.142119e+01, 2.885390e+01, 2.665236e+01, 2.474060e+01, 2.306315e+01, 2.229888e+01, 2.157845e+01, 2.089815e+01, 2.025471e+01, 1.749849e+01, 1.533308e+01, 1.359122e+01, 1.216359e+01, 1.097528e+01, 9.973120e+00, 9.118331e+00, 8.381997e+00, 7.742141e+00, 7.181790e+00, 6.687640e+00, 6.249132e+00, 4.903912e+00, 3.989371e+00, 3.333182e+00, 2.842829e+00, 2.842829e+00
1.130104e-05, 1.040868e-04, 6.054967e-04, 2.525238e-03, 2.208675e-02, 5.117095e-02, 1.052904e-01, 1.968196e-01, 3.400686e-01, 5.504317e-01, 8.434530e-01, 1.233940e+00, 1.735217e+00, 2.358559e+00, 3.112835e+00, 4.004326e+00, 5.036709e+00, 7.526551e+00, 8.979704e+00, 1.056568e+01, 1.227806e+01, 1.707221e+01, 2.244444e+01, 2.828572e+01, 3.441740e+01, 4.072256e+01, 4.707412e+01, 5.337340e+01, 1.307494e+02, 1.275825e+02, 1.212675e+02, 1.138657e+02, 1.063441e+02, 9.913984e+01, 9.243261e+01, 8.627663e+01, 7.556873e+01, 7.094066e+01, 6.673628e+01, 6.291143e+01, 5.942528e+01, 5.520722e+01, 5.154151e+01, 4.549260e+01, 4.070844e+01, 3.682396e+01, 3.359938e+01, 3.087298e+01, 2.853264e+01, 2.649851e+01, 2.471223e+01, 2.389792e+01, 2.313005e+01, 2.240472e+01, 2.171846e+01, 1.877644e+01, 1.646228e+01, 1.459895e+01, 1.307055e+01, 1.179752e+01, 1.072330e+01, 9.806612e+00, 9.016626e+00, 8.329897e+00, 7.728302e+00, 7.197629e+00, 6.726590e+00, 5.280849e+00, 4.297325e+00, 3.591305e+00, 3.063525e+00, 3.063525e+00
5.377378e-06, 5.423680e-05, 3.392874e-04, 1.501682e-03, 1.439228e-02, 3.456422e-02, 7.336967e-02, 1.409387e-01, 2.494423e-01, 4.124663e-01, 6.442442e-01, 9.588659e-01, 1.369556e+00, 1.888079e+00, 2.524309e+00, 3.285951e+00, 4.178420e+00, 6.366145e+00, 7.661246e+00, 9.087249e+00, 1.063970e+01, 1.504644e+01, 2.006472e+01, 2.560542e+01, 3.149530e+01, 3.762664e+01, 4.386712e+01, 5.012014e+01, 1.337180e+02, 1.316219e+02, 1.258887e+02, 1.187582e+02, 1.113171e+02, 1.040781e+02, 9.726777e+01, 9.096987e+01, 7.992800e+01, 7.512648e+01, 7.075110e+01, 6.676032e+01, 6.311482e+01, 5.867974e+01, 5.482118e+01, 4.844494e+01, 4.339327e+01, 3.928552e+01, 3.587116e+01, 3.298095e+01, 3.049743e+01, 2.833686e+01, 2.643795e+01, 2.557180e+01, 2.475475e+01, 2.398270e+01, 2.325200e+01, 2.011686e+01, 1.764775e+01, 1.565769e+01, 1.402401e+01, 1.266235e+01, 1.151270e+01, 1.053115e+01, 9.684909e+00, 8.949003e+00, 8.304115e+00, 7.735087e+00, 7.229870e+00, 5.678434e+00, 4.622302e+00, 3.863793e+00, 3.296566e+00, 3.296566e+00
2.516464e-06, 2.784186e-05, 1.875508e-04, 8.819246e-04, 9.277869e-03, 2.311225e-02, 5.064183e-02, 1.000180e-01, 1.814074e-01, 3.065691e-01, 4.882590e-01, 7.395566e-01, 1.073203e+00, 1.501014e+00, 2.033410e+00, 2.679076e+00, 3.444753e+00, 5.352973e+00, 6.498977e+00, 7.772149e+00, 9.169880e+00, 1.319331e+01, 1.785026e+01, 2.307215e+01, 2.869395e+01, 3.461884e+01, 4.071183e+01, 4.687996e+01, 1.364331e+02, 1.354926e+02, 1.304156e+02, 1.236156e+02, 1.162997e+02, 1.090591e+02, 1.021701e+02, 9.574787e+01, 8.439335e+01, 7.942430e+01, 7.488172e+01, 7.072720e+01, 6.692335e+01, 6.226914e+01, 5.821537e+01, 5.150669e+01, 4.618235e+01, 4.184630e+01, 3.823737e+01, 3.517882e+01, 3.254786e+01, 3.025684e+01, 2.824157e+01, 2.732179e+01, 2.645384e+01, 2.563341e+01, 2.485667e+01, 2.152109e+01, 1.889081e+01, 1.676869e+01, 1.502516e+01, 1.357093e+01, 1.234240e+01, 1.129298e+01, 1.038783e+01, 9.600389e+00, 8.910113e+00, 8.300852e+00, 7.759771e+00, 6.097333e+00, 4.964864e+00, 4.151129e+00, 3.542376e+00, 3.542376e+00
1.158246e-06, 1.408087e-05, 1.022792e-04, 5.115458e-04, 5.917098e-03, 1.530000e-02, 3.462491e-02, 7.034509e-02, 1.308105e-01, 2.260189e-01, 3.671821e-01, 5.661822e-01, 8.349910e-01, 1.185119e+00, 1.627141e+00, 2.170314e+00, 2.822320e+00, 4.474794e+00, 5.481763e+00, 6.610660e+00, 7.860569e+00, 1.150991e+01, 1.580393e+01, 2.069461e+01, 2.602756e+01, 3.171816e+01, 3.763119e+01, 4.367887e+01, 1.388834e+02, 1.391793e+02, 1.348325e+02, 1.284230e+02, 1.212789e+02, 1.140717e+02, 1.071300e+02, 1.006026e+02, 8.895933e+01, 8.382969e+01, 7.912456e+01, 7.480925e+01, 7.084865e+01, 6.597378e+01, 6.172290e+01, 5.467743e+01, 4.907574e+01, 4.450672e+01, 4.069868e+01, 3.746745e+01, 3.468494e+01, 3.225958e+01, 3.012426e+01, 2.914911e+01, 2.822856e+01, 2.735809e+01, 2.653370e+01, 2.299040e+01, 2.019272e+01, 1.793320e+01, 1.607519e+01, 1.452439e+01, 1.321348e+01, 1.209312e+01, 1.112635e+01, 1.028499e+01, 9.547179e+00, 8.895769e+00, 8.317096e+00, 6.538214e+00, 5.325580e+00, 4.453803e+00, 3.801379e+00, 3.801379e+00
5.243495e-07, 7.016300e-06, 5.502915e-05, 2.930606e-04, 3.733633e-03, 1.002754e-02, 2.345172e-02, 4.903628e-02, 9.353059e-02, 1.652942e-01, 2.740090e-01, 4.302616e-01, 6.450593e-01, 9.293349e-01, 1.293489e+00, 1.747005e+00, 2.298142e+00, 3.719040e+00, 4.597751e+00, 5.591959e+00, 6.702251e+00, 9.990981e+00, 1.392563e+01, 1.847822e+01, 2.350689e+01, 2.894025e+01, 3.464507e+01, 4.054012e+01, 1.410595e+02, 1.426678e+02, 1.391241e+02, 1.331659e+02, 1.262414e+02, 1.191043e+02, 1.121377e+02, 1.055258e+02, 9.362009e+01, 8.833783e+01, 8.347570e+01, 7.900329e+01, 7.488822e+01, 6.979176e+01, 6.534236e+01, 5.795647e+01, 5.207331e+01, 4.726705e+01, 4.325564e+01, 3.984761e+01, 3.690957e+01, 3.434609e+01, 3.208714e+01, 3.105489e+01, 3.008006e+01, 2.915794e+01, 2.828432e+01, 2.452606e+01, 2.155473e+01, 1.915242e+01, 1.717528e+01, 1.552385e+01, 1.412702e+01, 1.293261e+01, 1.190146e+01, 1.100372e+01, 1.021620e+01, 9.520678e+00, 8.902649e+00, 7.001751e+00, 5.705021e+00, 4.772308e+00, 4.074009e+00, 4.074009e+00
2.334911e-07, 3.444717e-06, 2.921157e-05, 1.658325e-04, 2.330967e-03, 6.506853e-03, 1.573573e-02, 3.388040e-02, 6.631429e-02, 1.199186e-01, 2.029173e-01, 3.245786e-01, 4.948287e-01, 7.238266e-01, 1.021546e+00, 1.397394e+00, 1.859898e+00, 3.073178e+00, 3.834776e+00, 4.704546e+00, 5.684379e+00, 8.629436e+00, 1.221273e+01, 1.642540e+01, 2.113952e+01, 2.629751e+01, 3.177025e+01, 3.748415e+01, 1.429535e+02, 1.459447e+02, 1.432756e+02, 1.378298e+02, 1.311740e+02, 1.241453e+02, 1.171829e+02, 1.105086e+02, 9.836943e+01, 9.294356e+01, 8.793087e+01, 8.330582e+01, 7.903924e+01, 7.372085e+01, 6.907205e+01, 6.134292e+01, 5.517473e+01, 5.012736e+01, 4.590865e+01, 4.231992e+01, 3.922255e+01, 3.651730e+01, 3.413123e+01, 3.304019e+01, 3.200944e+01, 3.103406e+01, 3.010966e+01, 2.612925e+01, 2.297805e+01, 2.042755e+01, 1.832658e+01, 1.657042e+01, 1.508408e+01, 1.381245e+01, 1.271413e+01, 1.175752e+01, 1.091805e+01, 1.017642e+01, 9.517235e+00, 7.488618e+00, 6.103763e+00, 5.107141e+00, 4.360700e+00, 4.360700e+00
1.022745e-07, 1.666417e-06, 1.530001e-05, 9.269134e-05, 1.439927e-03, 4.180604e-03, 1.046029e-02, 2.320305e-02, 4.662527e-02, 8.630776e-02, 1.491293e-01, 2.430728e-01, 3.769342e-01, 5.599733e-01, 8.015455e-01, 1.110748e+00, 1.496103e+00, 2.525002e+00, 3.180695e+00, 3.936628e+00, 4.795782e+00, 7.416741e+00, 1.066050e+01, 1.453594e+01, 1.893004e+01, 2.379927e+01, 2.902041e+01, 3.452848e+01, 1.445594e+02, 1.489980e+02, 1.472726e+02, 1.424004e+02, 1.360634e+02, 1.291825e+02, 1.222551e+02, 1.155421e+02, 1.032008e+02, 9.764135e+01, 9.248546e+01, 8.771304e+01, 8.329856e+01, 7.775858e+01, 7.291002e+01, 6.483567e+01, 5.837949e+01, 5.308760e+01, 4.865798e+01, 4.488488e+01, 4.162459e+01, 3.877404e+01, 3.625746e+01, 3.510599e+01, 3.401772e+01, 3.298750e+01, 3.201078e+01, 2.780113e+01, 2.446384e+01, 2.175974e+01, 1.953022e+01, 1.766520e+01, 1.608572e+01, 1.473365e+01, 1.356532e+01, 1.254730e+01, 1.165362e+01, 1.086385e+01, 1.016166e+01, 7.999495e+00, 6.522385e+00, 5.458805e+00, 4.661891e+00, 4.661891e+00
4.406863e-08, 7.943583e-07, 7.907166e-06, 5.117802e-05, 8.801610e-04, 2.659599e-03, 6.889092e-03, 1.575160e-02, 3.250975e-02, 6.162609e-02, 1.087712e-01, 1.807172e-01, 2.851342e-01, 4.303165e-01, 6.248723e-01, 8.774062e-01, 1.196221e+00, 2.062864e+00, 2.623669e+00, 3.276434e+00, 4.025011e+00, 6.343339e+00, 9.262468e+00, 1.280735e+01, 1.688035e+01, 2.145194e+01, 2.640630e+01, 3.168778e+01, 1.458726e+02, 1.518167e+02, 1.511017e+02, 1.468638e+02, 1.408963e+02, 1.342042e+02, 1.273438e+02, 1.206169e+02, 1.081074e+02, 1.024254e+02, 9.713455e+01, 9.222081e+01, 8.766277e+01, 8.190218e+01, 7.685406e+01, 6.843336e+01, 6.168687e+01, 5.614751e+01, 5.150372e+01, 4.754288e+01, 4.411625e+01, 4.111705e+01, 3.846668e+01, 3.725318e+01, 3.610582e+01, 3.501924e+01, 3.398870e+01, 2.954280e+01, 2.601325e+01, 2.315013e+01, 2.078731e+01, 1.880926e+01, 1.713296e+01, 1.569722e+01, 1.445598e+01, 1.337398e+01, 1.242379e+01, 1.158379e+01, 1.083673e+01, 8.535061e+00, 6.961469e+00, 5.827803e+00, 4.978026e+00, 4.978026e+00
1.867984e-08, 3.731366e-07, 4.032353e-06, 2.791381e-05, 5.323749e-04, 1.675400e-03, 4.495299e-03, 1.059994e-02, 2.248022e-02, 4.365636e-02, 7.873861e-02, 1.333907e-01, 2.142014e-01, 3.284830e-01, 4.840203e-01, 6.887973e-01, 9.507252e-01, 1.675833e+00, 2.152373e+00, 2.712471e+00, 3.360644e+00, 5.399003e+00, 8.010808e+00, 1.123520e+01, 1.499000e+01, 1.925927e+01, 2.393588e+01, 2.897393e+01, 1.468906e+02, 1.543911e+02, 1.547500e+02, 1.512065e+02, 1.456597e+02, 1.391981e+02, 1.324382e+02, 1.257236e+02, 1.130819e+02, 1.072895e+02, 1.018729e+02, 9.682470e+01, 9.212813e+01, 8.614859e+01, 8.090170e+01, 7.213444e+01, 6.509598e+01, 5.930669e+01, 5.444584e+01, 5.029415e+01, 4.669799e+01, 4.354695e+01, 4.075964e+01, 3.948258e+01, 3.827461e+01, 3.713017e+01, 3.604435e+01, 3.135531e+01, 2.762737e+01, 2.459982e+01, 2.209894e+01, 2.000366e+01, 1.822684e+01, 1.670414e+01, 1.538707e+01, 1.423848e+01, 1.322943e+01, 1.233709e+01, 1.154324e+01, 9.095999e+00, 7.421601e+00, 6.214644e+00, 5.309551e+00, 5.309551e+00
7.789577e-09, 1.727245e-07, 2.029181e-06, 1.504048e-05, 3.186562e-04, 1.045110e-03, 2.906358e-03, 7.071274e-03, 1.541693e-02, 3.068416e-02, 5.657190e-02, 9.775303e-02, 1.598088e-01, 2.490910e-01, 3.725297e-01, 5.374070e-01, 7.511183e-01, 1.353810e+00, 1.756156e+00, 2.233734e+00, 2.791525e+00, 4.573156e+00, 6.896714e+00, 9.813497e+00, 1.325646e+01, 1.722264e+01, 2.161446e+01, 2.639611e+01, 1.476123e+02, 1.567126e+02, 1.582056e+02, 1.554152e+02, 1.503406e+02, 1.441522e+02, 1.375271e+02, 1.308523e+02, 1.181170e+02, 1.122273e+02, 1.066950e+02, 1.015200e+02, 9.669064e+01, 9.049451e+01, 8.505020e+01, 7.593709e+01, 6.860569e+01, 6.256454e+01, 5.748414e+01, 5.313880e+01, 4.937016e+01, 4.606427e+01, 4.313702e+01, 4.179491e+01, 4.052485e+01, 3.932111e+01, 3.817858e+01, 3.323965e+01, 2.930726e+01, 2.610988e+01, 2.346617e+01, 2.124945e+01, 1.936838e+01, 1.775539e+01, 1.635954e+01, 1.514170e+01, 1.407140e+01, 1.312458e+01, 1.228200e+01, 9.682991e+00, 7.903368e+00, 6.619839e+00, 5.656916e+00, 5.656916e+00
3.195706e-09, 7.879330e-08, 1.007679e-06, 8.006196e-06, 1.887521e-04, 6.455976e-04, 1.861866e-03, 4.676509e-03, 1.048625e-02, 2.139832e-02, 4.034296e-02, 7.112604e-02, 1.184129e-01, 1.876454e-01, 2.849037e-01, 4.167266e-01, 5.899105e-01, 1.087593e+00, 1.425150e+00, 1.829849e+00, 2.306954e+00, 3.855142e+00, 5.910706e+00, 8.534996e+00, 1.167548e+01, 1.534125e+01, 1.944500e+01, 2.396097e+01, 1.480384e+02, 1.587741e+02, 1.614573e+02, 1.594774e+02, 1.549264e+02, 1.490545e+02, 1.425997e+02, 1.359931e+02, 1.232049e+02, 1.172319e+02, 1.115949e+02, 1.063017e+02, 1.013460e+02, 9.493635e+01, 8.929660e+01, 7.983931e+01, 7.221471e+01, 6.592030e+01, 6.061828e+01, 5.607681e+01, 5.213298e+01, 4.866942e+01, 4.559939e+01, 4.419080e+01, 4.285725e+01, 4.159280e+01, 4.039217e+01, 3.519676e+01, 3.105391e+01, 2.768135e+01, 2.489005e+01, 2.254766e+01, 2.055856e+01, 1.885194e+01, 1.737431e+01, 1.608454e+01, 1.495058e+01, 1.394710e+01, 1.305382e+01, 1.029672e+01, 8.407360e+00, 7.043904e+00, 6.020573e+00, 6.020573e+00
1.289871e-09, 3.542325e-08, 4.938296e-07, 4.210434e-06, 1.106470e-04, 3.949408e-04, 1.181874e-03, 3.066128e-03, 7.074280e-03, 1.480669e-02, 2.855637e-02, 5.138484e-02, 8.714279e-02, 1.404323e-01, 2.165157e-01, 3.211807e-01, 4.605775e-01, 8.689028e-01, 1.150335e+00, 1.491182e+00, 1.896833e+00, 3.234456e+00, 5.042919e+00, 7.391519e+00, 1.024134e+01, 1.361249e+01, 1.742825e+01, 2.167280e+01, 1.481713e+02, 1.605698e+02, 1.644948e+02, 1.633811e+02, 1.594046e+02, 1.538929e+02, 1.476447e+02, 1.411360e+02, 1.283377e+02, 1.222966e+02, 1.165667e+02, 1.111645e+02, 1.060897e+02, 9.947027e+01, 9.363766e+01, 8.383886e+01, 7.592154e+01, 6.937303e+01, 6.384774e+01, 5.910800e+01, 5.498655e+01, 5.136271e+01, 4.814721e+01, 4.667080e+01, 4.527241e+01, 4.394591e+01, 4.268585e+01, 3.722750e+01, 3.286829e+01, 2.931523e+01, 2.637157e+01, 2.389927e+01, 2.179837e+01, 1.999475e+01, 1.843231e+01, 1.706790e+01, 1.586783e+01, 1.480547e+01, 1.385948e+01, 1.093788e+01, 8.934170e+00, 7.487354e+00, 6.400979e+00, 6.400979e+00
5.122305e-10, 1.569513e-08, 2.388357e-07, 2.187647e-06, 6.419183e-05, 2.392687e-04, 7.434133e-04, 1.993043e-03, 4.733663e-03, 1.016630e-02, 2.006411e-02, 3.686063e-02, 6.369597e-02, 1.044141e-01, 1.635115e-01, 2.460433e-01, 3.574964e-01, 6.903760e-01, 9.235665e-01, 1.208902e+00, 1.551763e+00, 2.700925e+00, 4.283351e+00, 6.374244e+00, 8.947204e+00, 1.203216e+01, 1.556310e+01, 1.953375e+01, 1.480146e+02, 1.620952e+02, 1.673090e+02, 1.671147e+02, 1.637631e+02, 1.586557e+02, 1.526512e+02, 1.462708e+02, 1.335072e+02, 1.274139e+02, 1.216040e+02, 1.161028e+02, 1.109169e+02, 1.040922e+02, 9.806993e+01, 8.793327e+01, 7.972448e+01, 7.292163e+01, 6.717187e+01, 6.223208e+01, 5.793084e+01, 5.414434e+01, 5.078086e+01, 4.923535e+01, 4.777083e+01, 4.638099e+01, 4.506022e+01, 3.933270e+01, 3.475132e+01, 3.101249e+01, 2.791173e+01, 2.530527e+01, 2.308878e+01, 2.118475e+01, 1.953445e+01, 1.809265e+01, 1.682400e+01, 1.570051e+01, 1.469977e+01, 1.160714e+01, 9.484390e+00, 7.950709e+00, 6.798593e+00, 6.798593e+00
2.001417e-10, 6.853801e-09, 1.139991e-07, 1.123028e-06, 3.685743e-05, 1.435611e-04, 4.633821e-04, 1.284440e-03, 3.141799e-03, 6.926399e-03, 1.399367e-02, 2.625579e-02, 4.624377e-02, 7.713062e-02, 1.227123e-01, 1.873486e-01, 2.758710e-01, 5.455352e-01, 7.375725e-01, 9.750121e-01, 1.263110e+00, 2.244850e+00, 3.622075e+00, 5.473956e+00, 7.785376e+00, 1.059479e+01, 1.384673e+01, 1.754402e+01, 1.475738e+02, 1.633470e+02, 1.698916e+02, 1.706676e+02, 1.679902e+02, 1.633312e+02, 1.576080e+02, 1.513873e+02, 1.387050e+02, 1.325765e+02, 1.267002e+02, 1.211110e+02, 1.158225e+02, 1.087978e+02, 1.025897e+02, 9.211987e+01, 8.362164e+01, 7.656479e+01, 7.058986e+01, 6.544860e+01, 6.096571e+01, 5.701440e+01, 5.350062e+01, 5.188481e+01, 5.035294e+01, 4.889855e+01, 4.751584e+01, 4.151310e+01, 3.670387e+01, 3.277405e+01, 2.951148e+01, 2.676662e+01, 2.443072e+01, 2.242286e+01, 2.068164e+01, 1.915968e+01, 1.781994e+01, 1.663306e+01, 1.557550e+01, 1.230519e+01, 1.005862e+01, 8.434491e+00, 7.213875e+00, 7.213875e+00
7.694405e-11, 2.949855e-09, 5.370269e-08, 5.696113e-07, 2.094536e-05, 8.530937e-05, 2.862267e-04, 8.207188e-04, 2.068416e-03, 4.682781e-03, 9.688366e-03, 1.857095e-02, 3.334784e-02, 5.660863e-02, 9.152098e-02, 1.418008e-01, 2.116498e-01, 4.287408e-01, 5.859310e-01, 7.823469e-01, 1.023030e+00, 1.857113e+00, 3.049408e+00, 4.681276e+00, 6.747546e+00, 9.293852e+00, 1.227495e+01, 1.570211e+01, 1.468556e+02, 1.643233e+02, 1.722354e+02, 1.740296e+02, 1.720748e+02, 1.679080e+02, 1.625040e+02, 1.564751e+02, 1.439226e+02, 1.377768e+02, 1.318484e+02, 1.261828e+02, 1.208012e+02, 1.135825e+02, 1.071931e+02, 9.639580e+01, 8.761094e+01, 8.030108e+01, 7.410074e+01, 6.875698e+01, 6.409089e+01, 5.997286e+01, 5.630666e+01, 5.461943e+01, 5.301909e+01, 5.149898e+01, 5.005317e+01, 4.376941e+01, 3.872676e+01, 3.460079e+01, 3.117173e+01, 2.828424e+01, 2.582513e+01, 2.371001e+01, 2.187476e+01, 2.026984e+01, 1.885648e+01, 1.760391e+01, 1.648745e+01, 1.303272e+01, 1.065744e+01, 8.939223e+00, 7.647290e+00, 7.647290e+00
2.910647e-11, 1.251366e-09, 2.496865e-08, 2.854655e-07, 1.178094e-05, 5.020856e-05, 1.752084e-04, 5.199599e-04, 1.350789e-03, 3.141694e-03, 6.658682e-03, 1.304373e-02, 2.388731e-02, 4.127988e-02, 6.783568e-02, 1.066861e-01, 1.614430e-01, 3.351303e-01, 4.630258e-01, 6.245557e-01, 8.244776e-01, 1.529247e+00, 2.556053e+00, 3.986845e+00, 5.825027e+00, 8.122056e+00, 1.084241e+01, 1.400502e+01, 1.458680e+02, 1.650238e+02, 1.743341e+02, 1.771914e+02, 1.760061e+02, 1.723751e+02, 1.673286e+02, 1.615240e+02, 1.491513e+02, 1.430068e+02, 1.370418e+02, 1.313123e+02, 1.258475e+02, 1.184415e+02, 1.118759e+02, 1.007579e+02, 9.169011e+01, 8.412885e+01, 7.770337e+01, 7.215649e+01, 6.730596e+01, 6.301957e+01, 5.919904e+01, 5.743937e+01, 5.576950e+01, 5.418260e+01, 5.267259e+01, 4.610222e+01, 4.082074e+01, 3.649357e+01, 3.289338e+01, 2.985903e+01, 2.727290e+01, 2.504708e+01, 2.311468e+01, 2.142400e+01, 1.993446e+01, 1.861388e+01, 1.743639e+01, 1.379041e+01, 1.128147e+01, 9.465430e+00, 8.099304e+00, 8.099304e+00
1.083409e-11, 5.232313e-10, 1.145802e-08, 1.413601e-07, 6.558626e-06, 2.926787e-05, 1.062881e-04, 3.266267e-04, 8.750616e-04, 2.091698e-03, 4.543141e-03, 9.097863e-03, 1.699664e-02, 2.990924e-02, 4.997029e-02, 7.979014e-02, 1.224395e-01, 2.605497e-01, 3.639923e-01, 4.960627e-01, 6.611867e-01, 1.253478e+00, 2.133200e+00, 3.381491e+00, 5.008954e+00, 7.071547e+00, 9.542806e+00, 1.244854e+01, 1.446202e+02, 1.654490e+02, 1.761827e+02, 1.801445e+02, 1.797738e+02, 1.767215e+02, 1.720709e+02, 1.665238e+02, 1.543825e+02, 1.482587e+02, 1.422730e+02, 1.364928e+02, 1.309557e+02, 1.233698e+02, 1.166337e+02, 1.052030e+02, 9.585669e+01, 8.804629e+01, 8.139648e+01, 7.564626e+01, 7.061039e+01, 6.615428e+01, 6.217773e+01, 6.034469e+01, 5.860431e+01, 5.694962e+01, 5.537438e+01, 4.851211e+01, 4.298653e+01, 3.845319e+01, 3.467727e+01, 3.149188e+01, 2.877491e+01, 2.643494e+01, 2.440228e+01, 2.262299e+01, 2.105470e+01, 1.966375e+01, 1.842310e+01, 1.457893e+01, 1.193129e+01, 1.001364e+01, 8.570385e+00, 8.570385e+00
3.968210e-12, 2.156451e-10, 5.189797e-09, 6.916862e-08, 3.614075e-06, 1.689848e-05, 6.390144e-05, 2.034467e-04, 5.623441e-04, 1.382037e-03, 3.077267e-03, 6.301700e-03, 1.201340e-02, 2.153249e-02, 3.658411e-02, 5.932173e-02, 9.232842e-02, 2.014821e-01, 2.846547e-01, 3.920185e-01, 5.276366e-01, 1.022744e+00, 1.772604e+00, 2.856352e+00, 4.290463e+00, 6.134116e+00, 8.369161e+00, 1.102738e+01, 1.431226e+02, 1.656010e+02, 1.777772e+02, 1.828812e+02, 1.833682e+02, 1.809368e+02, 1.767204e+02, 1.714642e+02, 1.596071e+02, 1.535243e+02, 1.475348e+02, 1.417177e+02, 1.361197e+02, 1.283622e+02, 1.214621e+02, 1.097276e+02, 1.001080e+02, 9.205145e+01, 8.517863e+01, 7.922530e+01, 7.400354e+01, 6.937662e+01, 6.524259e+01, 6.333535e+01, 6.152358e+01, 5.980018e+01, 5.815876e+01, 5.099955e+01, 4.522479e+01, 4.048041e+01, 3.652422e+01, 3.318364e+01, 3.033203e+01, 2.787445e+01, 2.573840e+01, 2.386764e+01, 2.221800e+01, 2.075433e+01, 1.944835e+01, 1.539897e+01, 1.260750e+01, 1.058438e+01, 9.061002e+00, 9.061002e+00
1.430232e-12, 8.760569e-11, 2.320213e-09, 3.344342e-08, 1.971257e-06, 9.664020e-06, 3.807525e-05, 1.256542e-04, 3.584993e-04, 9.062264e-04, 2.069310e-03, 4.334780e-03, 8.435027e-03, 1.540337e-02, 2.662014e-02, 4.384417e-02, 6.922631e-02, 1.549749e-01, 2.214594e-01, 3.082417e-01, 4.190073e-01, 8.306897e-01, 1.466630e+00, 2.402981e+00, 3.660829e+00, 5.301382e+00, 7.313975e+00, 9.735453e+00, 1.413867e+02, 1.654830e+02, 1.791145e+02, 1.853946e+02, 1.867805e+02, 1.850110e+02, 1.812668e+02, 1.763353e+02, 1.648163e+02, 1.587955e+02, 1.528196e+02, 1.469803e+02, 1.413336e+02, 1.334133e+02, 1.263563e+02, 1.143279e+02, 1.044413e+02, 9.614218e+01, 8.904823e+01, 8.289244e+01, 7.748461e+01, 7.268608e+01, 6.839336e+01, 6.641119e+01, 6.452726e+01, 6.273431e+01, 6.102584e+01, 5.356496e+01, 4.753612e+01, 4.257594e+01, 3.843502e+01, 3.493510e+01, 3.194509e+01, 2.936645e+01, 2.712385e+01, 2.515877e+01, 2.342518e+01, 2.188639e+01, 2.051289e+01, 1.625119e+01, 1.331070e+01, 1.117818e+01, 9.571627e+00, 9.571627e+00
5.072681e-13, 3.508180e-11, 1.023887e-09, 1.597870e-08, 1.064293e-06, 5.474334e-06, 2.248491e-05, 7.695573e-05, 2.267290e-04, 5.897389e-04, 1.381488e-03, 2.961267e-03, 5.883481e-03, 1.094913e-02, 1.925198e-02, 3.221464e-02, 5.161059e-02, 1.185702e-01, 1.714072e-01, 2.411576e-01, 3.311266e-01, 6.716492e-01, 1.208281e+00, 2.013419e+00, 3.111594e+00, 4.564947e+00, 6.369431e+00, 8.566035e+00, 1.394246e+02, 1.650992e+02, 1.801928e+02, 1.876788e+02, 1.900020e+02, 1.889345e+02, 1.857001e+02, 1.811271e+02, 1.700011e+02, 1.640638e+02, 1.581198e+02, 1.522736e+02, 1.465909e+02, 1.385175e+02, 1.313113e+02, 1.190002e+02, 1.088536e+02, 1.003162e+02, 9.300352e+01, 8.664641e+01, 8.105268e+01, 7.608207e+01, 7.162969e+01, 6.957198e+01, 6.761520e+01, 6.575195e+01, 6.397564e+01, 5.620869e+01, 4.992105e+01, 4.474044e+01, 4.041041e+01, 3.674708e+01, 3.361489e+01, 3.091176e+01, 2.855947e+01, 2.649719e+01, 2.467700e+01, 2.306070e+01, 2.161748e+01, 1.713628e+01, 1.404149e+01, 1.179556e+01, 1.010273e+01, 1.010273e+01
1.770507e-13, 1.384834e-11, 4.459977e-10, 7.544164e-09, 5.688009e-07, 3.071692e-06, 1.316028e-05, 4.673603e-05, 1.422551e-04, 3.808890e-04, 9.156716e-04, 2.009086e-03, 4.076797e-03, 7.733836e-03, 1.383877e-02, 2.353139e-02, 3.826025e-02, 9.023782e-02, 1.319876e-01, 1.877348e-01, 2.604125e-01, 5.406147e-01, 9.912044e-01, 1.680247e+00, 2.634657e+00, 3.916532e+00, 5.527553e+00, 7.511954e+00, 1.372493e+02, 1.644553e+02, 1.810113e+02, 1.897285e+02, 1.930251e+02, 1.926981e+02, 1.900107e+02, 1.858299e+02, 1.751526e+02, 1.693210e+02, 1.634277e+02, 1.575905e+02, 1.518852e+02, 1.436691e+02, 1.363219e+02, 1.237403e+02, 1.133417e+02, 1.045710e+02, 9.704263e+01, 9.048577e+01, 8.470671e+01, 7.956384e+01, 7.495111e+01, 7.281737e+01, 7.078715e+01, 6.885296e+01, 6.700810e+01, 5.893099e+01, 5.238008e+01, 4.697455e+01, 4.245109e+01, 3.862031e+01, 3.534222e+01, 3.251116e+01, 3.004604e+01, 2.788368e+01, 2.597427e+01, 2.427803e+01, 2.276287e+01, 1.805490e+01, 1.480045e+01, 1.243706e+01, 1.065479e+01, 1.065479e+01
6.081293e-14, 5.388762e-12, 1.917690e-10, 3.519886e-09, 3.009191e-07, 1.707286e-06, 7.634387e-06, 2.814613e-05, 8.854823e-05, 2.441528e-04, 6.025764e-04, 1.353752e-03, 2.806402e-03, 5.428395e-03, 9.887467e-03, 1.708850e-02, 2.820378e-02, 6.831394e-02, 1.011149e-01, 1.454226e-01, 2.038140e-01, 4.331959e-01, 8.096846e-01, 1.396613e+00, 2.222348e+00, 3.348081e+00, 4.780348e+00, 6.565754e+00, 1.348747e+02, 1.635575e+02, 1.815702e+02, 1.915395e+02, 1.958427e+02, 1.962932e+02, 1.941891e+02, 1.904341e+02, 1.802619e+02, 1.745585e+02, 1.687355e+02, 1.629238e+02, 1.572100e+02, 1.488622e+02, 1.413831e+02, 1.285441e+02, 1.179022e+02, 1.089040e+02, 1.011635e+02, 9.440895e+01, 8.844553e+01, 8.313056e+01, 7.835705e+01, 7.614689e+01, 7.404276e+01, 7.203708e+01, 7.012305e+01, 6.173206e+01, 5.491362e+01, 4.927882e+01, 4.455772e+01, 4.055552e+01, 3.712783e+01, 3.416543e+01, 3.158433e+01, 2.931901e+01, 2.731773e+01, 2.553912e+01, 2.394979e+01, 1.900772e+01, 1.558818e+01, 1.310321e+01, 1.122828e+01, 1.122828e+01
2.055612e-14, 2.067114e-12, 8.139505e-11, 1.622941e-09, 1.575935e-07, 9.399948e-07, 4.389618e-06, 1.680932e-05, 5.468295e-05, 1.553312e-04, 3.937071e-04, 9.059578e-04, 1.919267e-03, 3.786322e-03, 7.021783e-03, 1.233761e-02, 2.067408e-02, 5.144541e-02, 7.706971e-02, 1.120912e-01, 1.587521e-01, 3.455739e-01, 6.586193e-01, 1.156252e+00, 1.867479e+00, 2.851856e+00, 4.119924e+00, 5.719838e+00, 1.323149e+02, 1.624135e+02, 1.818708e+02, 1.931086e+02, 1.984485e+02, 1.997117e+02, 1.982262e+02, 1.949304e+02, 1.853199e+02, 1.797681e+02, 1.740352e+02, 1.682662e+02, 1.625584e+02, 1.540906e+02, 1.464892e+02, 1.334073e+02, 1.225317e+02, 1.133124e+02, 1.053640e+02, 9.841426e+01, 9.226783e+01, 8.678126e+01, 8.184682e+01, 7.955998e+01, 7.738159e+01, 7.530397e+01, 7.332026e+01, 6.461204e+01, 5.752203e+01, 5.165378e+01, 4.673094e+01, 4.255341e+01, 3.897246e+01, 3.587532e+01, 3.317511e+01, 3.080395e+01, 2.870814e+01, 2.684472e+01, 2.517897e+01, 1.999539e+01, 1.640528e+01, 1.379454e+01, 1.182368e+01, 1.182368e+01
6.838195e-15, 7.816863e-13, 3.410360e-11, 7.395063e-10, 8.170234e-08, 5.126771e-07, 2.501677e-06, 9.955317e-06, 3.350366e-05, 9.808379e-05, 2.554062e-04, 6.021625e-04, 1.304020e-03, 2.624471e-03, 4.956701e-03, 8.855998e-03, 1.506998e-02, 3.853974e-02, 5.844503e-02, 8.597484e-02, 1.230627e-01, 2.744520e-01, 5.334914e-01, 9.534776e-01, 1.563375e+00, 2.420499e+00, 3.538590e+00, 4.966595e+00, 1.295846e+02, 1.610316e+02, 1.819152e+02, 1.944333e+02, 2.008369e+02, 2.029461e+02, 2.021137e+02, 1.993098e+02, 1.903180e+02, 1.849412e+02, 1.793190e+02, 1.736103e+02, 1.679236e+02, 1.593483e+02, 1.516348e+02, 1.383252e+02, 1.272265e+02, 1.177932e+02, 1.096416e+02, 1.024999e+02, 9.617220e+01, 9.051486e+01, 8.541963e+01, 8.305598e+01, 8.080308e+01, 7.865319e+01, 7.659938e+01, 6.757095e+01, 6.020563e+01, 5.409990e+01, 4.897131e+01, 4.461462e+01, 4.087679e+01, 3.764154e+01, 3.481911e+01, 3.233922e+01, 3.014623e+01, 2.819555e+01, 2.645112e+01, 2.101857e+01, 1.725233e+01, 1.451157e+01, 1.244146e+01, 1.244146e+01
2.238748e-15, 2.914078e-13, 1.410564e-11, 3.330076e-10, 4.193206e-08, 2.769936e-07, 1.413175e-06, 5.847109e-06, 2.036616e-05, 6.147320e-05, 1.645109e-04, 3.975249e-04, 8.802464e-04, 1.807808e-03, 3.477996e-03, 6.320204e-03, 1.092383e-02, 2.872130e-02, 4.409758e-02, 6.562056e-02, 9.494299e-02, 2.170047e-01, 4.303312e-01, 7.831745e-01, 1.303896e+00, 2.047087e+00, 3.028941e+00, 4.298509e+00, 1.266989e+02, 1.594209e+02, 1.817067e+02, 1.955120e+02, 2.030030e+02, 2.059892e+02, 2.058431e+02, 2.035635e+02, 1.952473e+02, 1.900695e+02, 1.845789e+02, 1.789486e+02, 1.732988e+02, 1.646290e+02, 1.568141e+02, 1.432933e+02, 1.319829e+02, 1.223435e+02, 1.139941e+02, 1.066638e+02, 1.001571e+02, 9.433017e+01, 8.907459e+01, 8.663413e+01, 8.430659e+01, 8.208421e+01, 7.995997e+01, 7.060877e+01, 6.296464e+01, 5.661760e+01, 5.127939e+01, 4.673976e+01, 4.284150e+01, 3.946481e+01, 3.651704e+01, 3.392555e+01, 3.163272e+01, 2.959232e+01, 2.776694e+01, 2.207791e+01, 1.812992e+01, 1.525484e+01, 1.308210e+01, 1.308210e+01
7.213400e-16, 1.070972e-13, 5.759487e-12, 1.481997e-10, 2.130499e-08, 1.482554e-07, 7.912766e-07, 3.405778e-06, 1.228316e-05, 3.824126e-05, 1.052134e-04, 2.606559e-04, 5.903415e-04, 1.237532e-03, 2.425852e-03, 4.484558e-03, 7.874454e-03, 2.129316e-02, 3.310495e-02, 4.984079e-02, 7.290157e-02, 1.708272e-01, 3.456754e-01, 6.407734e-01, 1.083433e+00, 1.725161e+00, 2.583917e+00, 3.708248e+00, 1.236728e+02, 1.575913e+02, 1.812493e+02, 1.963440e+02, 2.049427e+02, 2.088349e+02, 2.094069e+02, 2.076832e+02, 2.000993e+02, 1.951447e+02, 1.898068e+02, 1.842737e+02, 1.786769e+02, 1.699261e+02, 1.620213e+02, 1.483068e+02, 1.367968e+02, 1.269600e+02, 1.184187e+02, 1.109039e+02, 1.042208e+02, 9.822585e+01, 9.281068e+01, 9.029354e+01, 8.789138e+01, 8.559638e+01, 8.340150e+01, 7.372538e+01, 6.579923e+01, 5.920723e+01, 5.365566e+01, 4.892943e+01, 4.486722e+01, 4.134579e+01, 3.826960e+01, 3.556365e+01, 3.316832e+01, 3.103575e+01, 2.912714e+01, 2.317405e+01, 1.903864e+01, 1.602488e+01, 1.374607e+01, 1.374607e+01
2.287459e-16, 3.880354e-14, 2.321563e-12, 6.518218e-11, 1.071636e-08, 7.860929e-08, 4.391735e-07, 1.967379e-06, 7.350264e-06, 2.361259e-05, 6.681403e-05, 1.697582e-04, 3.933588e-04, 8.419035e-04, 1.681922e-03, 3.163813e-03, 5.644911e-03, 1.570451e-02, 2.472803e-02, 3.767157e-02, 5.571290e-02, 1.338869e-01, 2.765234e-01, 5.222231e-01, 8.969098e-01, 1.448746e+00, 2.196854e+00, 3.188741e+00, 1.205218e+02, 1.555536e+02, 1.805481e+02, 1.969296e+02, 2.066526e+02, 2.114772e+02, 2.127977e+02, 2.116607e+02, 2.048655e+02, 2.001584e+02, 1.949950e+02, 1.895779e+02, 1.840507e+02, 1.752334e+02, 1.672505e+02, 1.533607e+02, 1.416643e+02, 1.316393e+02, 1.229128e+02, 1.152180e+02, 1.083615e+02, 1.022005e+02, 9.662679e+01, 9.403324e+01, 9.155658e+01, 8.918897e+01, 8.692336e+01, 7.692061e+01, 6.870952e+01, 6.186912e+01, 5.610057e+01, 5.118417e+01, 4.695456e+01, 4.328512e+01, 4.007747e+01, 3.725419e+01, 3.475372e+01, 3.252652e+01, 3.053240e+01, 2.430764e+01, 1.997907e+01, 1.682220e+01, 1.443386e+01, 1.443386e+01
7.139249e-17, 1.386077e-14, 9.238259e-13, 2.833387e-11, 5.336433e-09, 4.129209e-08, 2.416164e-07, 1.127102e-06, 4.364099e-06, 1.447196e-05, 4.213004e-05, 1.098149e-04, 2.604162e-04, 5.692154e-04, 1.159207e-03, 2.219277e-03, 4.024314e-03, 1.152296e-02, 1.837858e-02, 2.833568e-02, 4.237666e-02, 1.044768e-01, 2.202926e-01, 4.239559e-01, 7.397583e-01, 1.212360e+00, 1.861511e+00, 2.733231e+00, 1.172611e+02, 1.533188e+02, 1.796089e+02, 1.972697e+02, 2.081302e+02, 2.139112e+02, 2.160089e+02, 2.154883e+02, 2.095376e+02, 2.051025e+02, 2.001354e+02, 1.948538e+02, 1.894133e+02, 1.805441e+02, 1.724956e+02, 1.584500e+02, 1.465811e+02, 1.363779e+02, 1.274734e+02, 1.196037e+02, 1.125774e+02, 1.062526e+02, 1.005217e+02, 9.785215e+01, 9.530125e+01, 9.286116e+01, 9.052482e+01, 8.019417e+01, 7.169554e+01, 6.460351e+01, 5.861452e+01, 5.350447e+01, 4.910409e+01, 4.528343e+01, 4.194127e+01, 3.899785e+01, 3.638959e+01, 3.406529e+01, 3.198338e+01, 2.547931e+01, 2.095179e+01, 1.764734e+01, 1.514594e+01, 1.514594e+01
2.193029e-17, 4.881277e-15, 3.629273e-13, 1.217266e-11, 2.630873e-09, 2.148803e-08, 1.317668e-07, 6.403971e-07, 2.570940e-06, 8.804213e-06, 2.637853e-05, 7.056124e-05, 1.712963e-04, 3.824780e-04, 7.942121e-04, 1.547850e-03, 2.853197e-03, 8.411360e-03, 1.359148e-02, 2.121052e-02, 3.208164e-02, 8.117262e-02, 1.747752e-01, 3.428509e-01, 6.079003e-01, 1.011008e+00, 1.572096e+00, 2.335323e+00, 1.139058e+02, 1.508987e+02, 1.784383e+02, 1.973663e+02, 2.093736e+02, 2.161323e+02, 2.190341e+02, 2.191587e+02, 2.141076e+02, 2.099689e+02, 2.052203e+02, 2.000938e+02, 1.947574e+02, 1.858517e+02, 1.777506e+02, 1.635695e+02, 1.515429e+02, 1.411724e+02, 1.320975e+02, 1.240586e+02, 1.168663e+02, 1.103804e+02, 1.044940e+02, 1.017491e+02, 9.912434e+01, 9.661201e+01, 9.420507e+01, 8.354573e+01, 7.475728e+01, 6.741061e+01, 6.119788e+01, 5.589080e+01, 5.131636e+01, 4.734131e+01, 4.386165e+01, 4.079526e+01, 3.807658e+01, 3.565274e+01, 3.348074e+01, 2.668967e+01, 2.195736e+01, 1.850082e+01, 1.588278e+01, 1.588278e+01
6.630335e-18, 1.694791e-15, 1.407588e-13, 5.168614e-12, 1.284104e-09, 1.107821e-08, 7.123309e-08, 3.608715e-07, 1.502802e-06, 5.316668e-06, 1.640025e-05, 4.503517e-05, 1.119528e-04, 2.554221e-04, 5.409275e-04, 1.073419e-03, 2.011793e-03, 6.108539e-03, 1.000140e-02, 1.580061e-02, 2.417420e-02, 6.279340e-02, 1.380951e-01, 2.761957e-01, 4.977174e-01, 8.401725e-01, 1.323268e+00, 1.989016e+00, 1.104711e+02, 1.483054e+02, 1.770435e+02, 1.972220e+02, 2.103817e+02, 2.181366e+02, 2.218676e+02, 2.226651e+02, 2.185676e+02, 2.147498e+02, 2.102419e+02, 2.052905e+02, 2.000758e+02, 1.911496e+02, 1.830094e+02, 1.687140e+02, 1.565453e+02, 1.460188e+02, 1.367820e+02, 1.285800e+02, 1.212262e+02, 1.145822e+02, 1.085424e+02, 1.057227e+02, 1.030247e+02, 1.004405e+02, 9.796321e+01, 8.697486e+01, 7.789463e+01, 7.029055e+01, 6.385094e+01, 5.834359e+01, 5.359186e+01, 4.945931e+01, 4.583920e+01, 4.264705e+01, 3.981533e+01, 3.728949e+01, 3.502513e+01, 2.793936e+01, 2.299637e+01, 1.938317e+01, 1.664487e+01, 1.664487e+01
1.973024e-18, 5.801522e-16, 5.389698e-14, 2.169094e-12, 6.205243e-10, 5.658380e-09, 3.817333e-08, 2.016877e-07, 8.716265e-07, 3.186991e-06, 1.012507e-05, 2.855123e-05, 7.270021e-05, 1.695270e-04, 3.662479e-04, 7.401840e-04, 1.410760e-03, 4.413508e-03, 7.323196e-03, 1.171406e-02, 1.813091e-02, 4.836599e-02, 1.086680e-01, 2.216471e-01, 4.060203e-01, 6.957918e-01, 1.110142e+00, 1.688715e+00, 1.069715e+02, 1.455513e+02, 1.754325e+02, 1.968403e+02, 2.111541e+02, 2.199211e+02, 2.245044e+02, 2.260009e+02, 2.229099e+02, 2.194374e+02, 2.151924e+02, 2.104363e+02, 2.053614e+02, 1.964309e+02, 1.882656e+02, 1.738781e+02, 1.615836e+02, 1.509134e+02, 1.415238e+02, 1.331652e+02, 1.256547e+02, 1.188561e+02, 1.126653e+02, 1.097718e+02, 1.070011e+02, 1.043455e+02, 1.017982e+02, 9.048105e+01, 8.110745e+01, 7.324343e+01, 6.657397e+01, 6.086322e+01, 5.593107e+01, 5.163797e+01, 4.787449e+01, 4.455382e+01, 4.160646e+01, 3.897619e+01, 3.661718e+01, 2.922897e+01, 2.406938e+01, 2.029489e+01, 1.743268e+01, 1.743268e+01
5.778847e-19, 1.958019e-16, 2.037476e-14, 8.997133e-13, 2.968803e-10, 2.863325e-09, 2.027902e-08, 1.117986e-07, 5.016307e-07, 1.896360e-06, 6.207248e-06, 1.798006e-05, 4.690901e-05, 1.118290e-04, 2.465193e-04, 5.075114e-04, 9.838913e-04, 3.172576e-03, 5.335711e-03, 8.642871e-03, 1.353523e-02, 3.709320e-02, 8.516394e-02, 1.771932e-01, 3.300147e-01, 5.742401e-01, 9.282764e-01, 1.429248e+00, 1.034215e+02, 1.426491e+02, 1.736140e+02, 1.962253e+02, 2.116914e+02, 2.214831e+02, 2.269397e+02, 2.291601e+02, 2.271272e+02, 2.240240e+02, 2.200644e+02, 2.155239e+02, 2.106071e+02, 2.016891e+02, 1.935130e+02, 1.790565e+02, 1.666534e+02, 1.558522e+02, 1.463193e+02, 1.378114e+02, 1.301496e+02, 1.232002e+02, 1.168610e+02, 1.138946e+02, 1.110521e+02, 1.083259e+02, 1.057091e+02, 9.406372e+01, 8.439550e+01, 7.626928e+01, 6.936718e+01, 6.345003e+01, 5.833442e+01, 5.387780e+01, 4.996807e+01, 4.651615e+01, 4.345056e+01, 4.071343e+01, 3.825749e+01, 3.055911e+01, 2.517696e+01, 2.123652e+01, 1.824668e+01, 1.824668e+01
1.665973e-19, 6.515492e-17, 7.604410e-15, 3.688567e-13, 1.406288e-10, 1.435526e-09, 1.067944e-08, 6.146514e-08, 2.864632e-07, 1.120122e-06, 3.778853e-06, 1.124752e-05, 3.007479e-05, 7.331795e-05, 1.649576e-04, 3.460141e-04, 6.824510e-04, 2.268965e-03, 3.868492e-03, 6.346466e-03, 1.005763e-02, 2.832584e-02, 6.647326e-02, 1.411166e-01, 2.672671e-01, 4.722992e-01, 7.736601e-01, 1.205863e+00, 9.983489e+01, 1.396117e+02, 1.715971e+02, 1.953818e+02, 2.119945e+02, 2.228208e+02, 2.291695e+02, 2.321372e+02, 2.312123e+02, 2.285025e+02, 2.248505e+02, 2.205459e+02, 2.158058e+02, 2.069175e+02, 1.987454e+02, 1.842437e+02, 1.717498e+02, 1.608311e+02, 1.511652e+02, 1.425156e+02, 1.347082e+02, 1.276122e+02, 1.211278e+02, 1.180897e+02, 1.151764e+02, 1.123802e+02, 1.096945e+02, 9.772221e+01, 8.775850e+01, 7.936806e+01, 7.223074e+01, 6.610432e+01, 6.080231e+01, 5.617925e+01, 5.212045e+01, 4.853458e+01, 4.534822e+01, 4.250182e+01, 3.994668e+01, 3.193037e+01, 2.631965e+01, 2.220856e+01, 1.908735e+01, 1.908735e+01
4.727356e-20, 2.137659e-17, 2.802137e-15, 1.494668e-13, 6.595428e-11, 7.130482e-10, 5.575329e-09, 3.351684e-08, 1.623269e-07, 6.567799e-07, 2.284475e-06, 6.989208e-06, 1.915934e-05, 4.777634e-05, 1.097350e-04, 2.345791e-04, 4.707951e-04, 1.614496e-03, 2.790967e-03, 4.638043e-03, 7.439018e-03, 2.153833e-02, 5.167507e-02, 1.119596e-01, 2.156702e-01, 3.871295e-01, 6.426920e-01, 1.014223e+00, 9.622522e+01, 1.364522e+02, 1.693913e+02, 1.943156e+02, 2.120653e+02, 2.239330e+02, 2.311903e+02, 2.349271e+02, 2.351585e+02, 2.328655e+02, 2.295432e+02, 2.254952e+02, 2.209503e+02, 2.121092e+02, 2.039563e+02, 1.894341e+02, 1.768681e+02, 1.658461e+02, 1.560579e+02, 1.472749e+02, 1.393280e+02, 1.320902e+02, 1.254639e+02, 1.223555e+02, 1.193723e+02, 1.165072e+02, 1.137533e+02, 1.014558e+02, 9.119607e+01, 8.253968e+01, 7.516475e+01, 6.882635e+01, 6.333510e+01, 5.854277e+01, 5.433214e+01, 5.060966e+01, 4.729999e+01, 4.434192e+01, 4.168533e+01, 3.334333e+01, 2.749802e+01, 2.321153e+01, 1.995515e+01, 1.995515e+01
1.320377e-20, 6.915064e-18, 1.019459e-15, 5.986470e-14, 3.062620e-11, 3.509135e-10, 2.885482e-09, 1.812777e-08, 9.127550e-08, 3.822877e-07, 1.371462e-06, 4.314294e-06, 1.212818e-05, 3.094336e-05, 7.257295e-05, 1.581386e-04, 3.230234e-04, 1.142997e-03, 2.003719e-03, 3.373434e-03, 5.476855e-03, 1.630750e-02, 4.000953e-02, 8.849168e-02, 1.734094e-01, 3.162397e-01, 5.321585e-01, 8.503932e-01, 9.260531e+01, 1.331834e+02, 1.670068e+02, 1.930326e+02, 2.119063e+02, 2.248191e+02, 2.329993e+02, 2.375251e+02, 2.389592e+02, 2.371062e+02, 2.341357e+02, 2.303646e+02, 2.260338e+02, 2.172578e+02, 2.091396e+02, 1.946221e+02, 1.820033e+02, 1.708928e+02, 1.609937e+02, 1.520860e+02, 1.440063e+02, 1.366317e+02, 1.298673e+02, 1.266900e+02, 1.236383e+02, 1.207052e+02, 1.178841e+02, 1.052636e+02, 9.470779e+01, 8.578401e+01, 7.816927e+01, 7.161634e+01, 6.593313e+01, 6.096876e+01, 5.660359e+01, 5.274189e+01, 4.930641e+01, 4.623429e+01, 4.347400e+01, 3.479858e+01, 2.871260e+01, 2.424594e+01, 2.085056e+01, 2.085056e+01
3.630046e-21, 2.205596e-18, 3.661945e-16, 2.369961e-14, 1.408089e-11, 1.711038e-10, 1.480463e-09, 9.724749e-09, 5.092908e-08, 2.208930e-07, 8.176319e-07, 2.645499e-06, 7.628752e-06, 1.991955e-05, 4.771632e-05, 1.060096e-04, 2.204362e-04, 8.051140e-04, 1.431507e-03, 2.442021e-03, 4.013726e-03, 1.229462e-02, 3.085315e-02, 6.967979e-02, 1.389307e-01, 2.574560e-01, 4.392076e-01, 7.108241e-01, 8.898742e+01, 1.298184e+02, 1.644540e+02, 1.915397e+02, 2.115205e+02, 2.254791e+02, 2.345940e+02, 2.399272e+02, 2.426083e+02, 2.412180e+02, 2.386209e+02, 2.351471e+02, 2.310492e+02, 2.223565e+02, 2.142890e+02, 1.998022e+02, 1.871506e+02, 1.759669e+02, 1.659689e+02, 1.569457e+02, 1.487403e+02, 1.412343e+02, 1.343359e+02, 1.310914e+02, 1.279727e+02, 1.249728e+02, 1.220855e+02, 1.091448e+02, 9.829316e+01, 8.910083e+01, 8.124432e+01, 7.447444e+01, 6.859667e+01, 6.345760e+01, 5.893525e+01, 5.493175e+01, 5.136798e+01, 4.817947e+01, 4.531326e+01, 3.629668e+01, 2.996395e+01, 2.531229e+01, 2.177405e+01, 2.177405e+01
9.823496e-22, 6.936377e-19, 1.298736e-16, 9.273874e-15, 6.410019e-12, 8.266147e-11, 7.530321e-10, 5.174520e-09, 2.819877e-08, 1.267068e-07, 4.840757e-07, 1.611487e-06, 4.768248e-06, 1.274542e-05, 3.119080e-05, 7.066689e-05, 1.496181e-04, 5.642599e-04, 1.017724e-03, 1.759429e-03, 2.927994e-03, 9.229975e-03, 2.369706e-02, 5.466131e-02, 1.109105e-01, 2.088919e-01, 3.613222e-01, 5.923330e-01, 8.538318e+01, 1.263701e+02, 1.617435e+02, 1.898441e+02, 2.109119e+02, 2.259138e+02, 2.359727e+02, 2.421297e+02, 2.461000e+02, 2.451944e+02, 2.429922e+02, 2.398360e+02, 2.359899e+02, 2.273988e+02, 2.193980e+02, 2.049686e+02, 1.923048e+02, 1.810641e+02, 1.709796e+02, 1.618506e+02, 1.535272e+02, 1.458956e+02, 1.388677e+02, 1.355577e+02, 1.323735e+02, 1.293083e+02, 1.263558e+02, 1.130983e+02, 1.019516e+02, 9.248988e+01, 8.438984e+01, 7.740079e+01, 7.132596e+01, 6.600963e+01, 6.132751e+01, 5.717970e+01, 5.348522e+01, 5.017798e+01, 4.720362e+01, 3.783817e+01, 3.125259e+01, 2.641108e+01, 2.272608e+01, 2.272608e+01
2.616766e-22, 2.150907e-19, 4.547806e-17, 3.587036e-15, 2.889252e-12, 3.956720e-11, 3.797264e-10, 2.731017e-09, 1.549361e-08, 7.215218e-08, 2.846134e-07, 9.751519e-07, 2.961536e-06, 8.105811e-06, 2.027023e-05, 4.684417e-05, 1.010049e-04, 3.934735e-04, 7.200307e-04, 1.261665e-03, 2.126199e-03, 6.899997e-03, 1.812814e-02, 4.271960e-02, 8.822676e-02, 1.689184e-01, 2.962924e-01, 4.920807e-01, 8.180353e+01, 1.228511e+02, 1.588864e+02, 1.879536e+02, 2.100846e+02, 2.261245e+02, 2.371343e+02, 2.441296e+02, 2.494287e+02, 2.490293e+02, 2.472431e+02, 2.444246e+02, 2.408491e+02, 2.323783e+02, 2.244606e+02, 2.101158e+02, 1.974610e+02, 1.861799e+02, 1.760219e+02, 1.667974e+02, 1.583639e+02, 1.506130e+02, 1.434604e+02, 1.400870e+02, 1.368390e+02, 1.337098e+02, 1.306934e+02, 1.171231e+02, 1.056825e+02, 9.595083e+01, 8.760576e+01, 8.039546e+01, 7.412123e+01, 6.862515e+01, 6.378076e+01, 5.948616e+01, 5.565858e+01, 5.223032e+01, 4.914562e+01, 3.942361e+01, 3.257906e+01, 2.754282e+01, 2.370711e+01, 2.370711e+01
6.861409e-23, 6.576541e-20, 1.572388e-17, 1.371418e-15, 1.289477e-12, 1.876554e-11, 1.898342e-10, 1.429705e-09, 8.447685e-09, 4.078826e-08, 1.661839e-07, 5.862042e-07, 1.827817e-06, 5.124025e-06, 1.309689e-05, 3.087939e-05, 6.782082e-05, 2.730053e-04, 5.069460e-04, 9.004747e-04, 1.536928e-03, 5.136479e-03, 1.381277e-02, 3.326239e-02, 6.993368e-02, 1.361365e-01, 2.421877e-01, 4.075473e-01, 7.825868e+01, 1.192739e+02, 1.558937e+02, 1.858764e+02, 2.090436e+02, 2.261131e+02, 2.380781e+02, 2.459243e+02, 2.525894e+02, 2.527169e+02, 2.513673e+02, 2.489064e+02, 2.456202e+02, 2.372884e+02, 2.294705e+02, 2.152380e+02, 2.026141e+02, 1.913097e+02, 1.810918e+02, 1.717826e+02, 1.632474e+02, 1.553838e+02, 1.481117e+02, 1.446770e+02, 1.413670e+02, 1.381755e+02, 1.350968e+02, 1.212181e+02, 1.094851e+02, 9.948330e+01, 9.089192e+01, 8.345849e+01, 7.698264e+01, 7.130443e+01, 6.629535e+01, 6.185155e+01, 5.788851e+01, 5.433695e+01, 5.113975e+01, 4.105353e+01, 3.394387e+01, 2.870799e+01, 2.471762e+01, 2.471762e+01
1.770990e-23, 1.982737e-20, 5.367834e-18, 5.182840e-16, 5.698338e-13, 8.818303e-12, 9.408694e-11, 7.424045e-10, 4.570779e-09, 2.289084e-08, 9.636486e-08, 3.500753e-07, 1.121013e-06, 3.219609e-06, 8.413175e-06, 2.024231e-05, 4.529499e-05, 1.884737e-04, 3.551947e-04, 6.396737e-04, 1.105920e-03, 3.807635e-03, 1.048291e-02, 2.580260e-02, 5.523769e-02, 1.093500e-01, 1.973305e-01, 3.365085e-01, 7.475815e+01, 1.156506e+02, 1.527768e+02, 1.836211e+02, 2.077944e+02, 2.258820e+02, 2.388041e+02, 2.475116e+02, 2.555774e+02, 2.562517e+02, 2.553588e+02, 2.532751e+02, 2.502969e+02, 2.421230e+02, 2.344217e+02, 2.203296e+02, 2.077589e+02, 1.964489e+02, 1.861853e+02, 1.768024e+02, 1.681745e+02, 1.602053e+02, 1.528192e+02, 1.493254e+02, 1.459556e+02, 1.427036e+02, 1.395639e+02, 1.253821e+02, 1.133587e+02, 1.030868e+02, 9.424812e+01, 8.658986e+01, 7.991032e+01, 7.404770e+01, 6.887158e+01, 6.427624e+01, 6.017543e+01, 5.649835e+01, 5.318649e+01, 4.272844e+01, 3.534755e+01, 2.990709e+01, 2.575804e+01, 2.575804e+01
4.499639e-24, 5.894253e-21, 1.809358e-18, 1.936130e-16, 2.493412e-13, 4.105933e-12, 4.623169e-11, 3.823945e-10, 2.454227e-09, 1.275363e-08, 5.549440e-08, 2.076894e-07, 6.832116e-07, 2.010836e-06, 5.373264e-06, 1.319576e-05, 3.008906e-05, 1.294670e-04, 2.476682e-04, 4.522823e-04, 7.921715e-04, 2.810757e-03, 7.924301e-03, 1.994171e-02, 4.347627e-02, 8.754162e-02, 1.602696e-01, 2.770097e-01, 7.131069e+01, 1.119932e+02, 1.495470e+02, 1.811967e+02, 2.063430e+02, 2.254342e+02, 2.393127e+02, 2.488901e+02, 2.583883e+02, 2.596285e+02, 2.592119e+02, 2.575246e+02, 2.548729e+02, 2.468758e+02, 2.393080e+02, 2.253851e+02, 2.128903e+02, 2.015930e+02, 1.912982e+02, 1.818533e+02, 1.731420e+02, 1.650746e+02, 1.575804e+02, 1.540301e+02, 1.506025e+02, 1.472919e+02, 1.440931e+02, 1.296138e+02, 1.173024e+02, 1.067609e+02, 9.767412e+01, 8.978952e+01, 8.290435e+01, 7.685517e+01, 7.150975e+01, 6.676058e+01, 6.251975e+01, 5.871495e+01, 5.528631e+01, 4.444887e+01, 3.679059e+01, 3.114061e+01, 2.682886e+01, 2.682886e+01
1.125389e-24, 1.727798e-21, 6.021993e-19, 7.149479e-17, 1.080327e-13, 1.894287e-12, 2.252217e-11, 1.953727e-10, 1.307723e-09, 7.054331e-09, 3.173837e-08, 1.224086e-07, 4.137816e-07, 1.248350e-06, 3.411987e-06, 8.554520e-06, 1.988120e-05, 8.849121e-05, 1.718609e-04, 3.182946e-04, 5.648644e-04, 2.066209e-03, 5.966537e-03, 1.535517e-02, 3.409894e-02, 6.984998e-02, 1.297561e-01, 2.273417e-01, 6.792430e+01, 1.083129e+02, 1.462155e+02, 1.786125e+02, 2.046957e+02, 2.247734e+02, 2.396049e+02, 2.500586e+02, 2.610181e+02, 2.628425e+02, 2.629211e+02, 2.616490e+02, 2.593421e+02, 2.515408e+02, 2.441234e+02, 2.303987e+02, 2.180031e+02, 2.067372e+02, 1.964262e+02, 1.869316e+02, 1.781466e+02, 1.699888e+02, 1.623928e+02, 1.587885e+02, 1.553055e+02, 1.519384e+02, 1.486822e+02, 1.339117e+02, 1.213153e+02, 1.105050e+02, 1.011696e+02, 9.305736e+01, 8.596478e+01, 7.972700e+01, 7.421011e+01, 6.930489e+01, 6.492184e+01, 6.098715e+01, 5.743965e+01, 4.621530e+01, 3.827350e+01, 3.240901e+01, 2.793050e+01, 2.793050e+01
2.770735e-25, 4.994157e-22, 1.979023e-19, 2.609705e-17, 4.634857e-14, 8.659471e-13, 1.087789e-11, 9.901513e-11, 6.915080e-10, 3.873752e-09, 1.802725e-08, 7.167353e-08, 2.490362e-07, 7.703471e-07, 2.154130e-06, 5.515037e-06, 1.306642e-05, 6.018365e-05, 1.186837e-04, 2.229573e-04, 4.009619e-04, 1.512560e-03, 4.474766e-03, 1.177998e-02, 2.665052e-02, 5.554928e-02, 1.047196e-01, 1.860171e-01, 6.460622e+01, 1.046209e+02, 1.427939e+02, 1.758779e+02, 2.028594e+02, 2.239036e+02, 2.396824e+02, 2.510165e+02, 2.634633e+02, 2.658892e+02, 2.664812e+02, 2.656428e+02, 2.636985e+02, 2.561120e+02, 2.488623e+02, 2.353649e+02, 2.230923e+02, 2.118769e+02, 2.015653e+02, 1.920334e+02, 1.831849e+02, 1.749449e+02, 1.672537e+02, 1.635982e+02, 1.600623e+02, 1.566409e+02, 1.533294e+02, 1.382746e+02, 1.253964e+02, 1.143185e+02, 1.047342e+02, 9.639322e+01, 8.909162e+01, 8.266332e+01, 7.697288e+01, 7.190947e+01, 6.738204e+01, 6.331535e+01, 5.964693e+01, 4.802822e+01, 3.979677e+01, 3.371278e+01, 2.906343e+01, 2.906343e+01
6.715200e-26, 1.423443e-22, 6.421849e-20, 9.416510e-18, 1.968980e-14, 3.922405e-13, 5.208922e-12, 4.977701e-11, 3.628804e-10, 2.111865e-09, 1.016922e-08, 4.169257e-08, 1.489475e-07, 4.725317e-07, 1.352184e-06, 3.535874e-06, 8.541904e-06, 4.072848e-05, 8.156748e-05, 1.554502e-04, 2.833347e-04, 1.102664e-03, 3.342790e-03, 9.004021e-03, 2.075635e-02, 4.403066e-02, 8.424731e-02, 1.517472e-01, 6.136297e+01, 1.009276e+02, 1.392931e+02, 1.730026e+02, 2.008414e+02, 2.228293e+02, 2.395471e+02, 2.517639e+02, 2.657207e+02, 2.687644e+02, 2.698874e+02, 2.695005e+02, 2.679365e+02, 2.605836e+02, 2.535187e+02, 2.402782e+02, 2.281526e+02, 2.170073e+02, 2.067110e+02, 1.971549e+02, 1.882535e+02, 1.799398e+02, 1.721603e+02, 1.684567e+02, 1.648705e+02, 1.613972e+02, 1.580324e+02, 1.427008e+02, 1.295448e+02, 1.182007e+02, 1.083675e+02, 9.979692e+01, 9.228484e+01, 8.566422e+01, 7.979824e+01, 7.457458e+01, 6.990068e+01, 6.569993e+01, 6.190856e+01, 4.988811e+01, 4.136089e+01, 3.505239e+01, 3.022810e+01, 3.022810e+01
1.602133e-26, 4.000656e-23, 2.057653e-20, 3.358720e-18, 8.282742e-15, 1.760488e-13, 2.472995e-12, 2.482273e-11, 1.889811e-10, 1.143043e-09, 5.697226e-09, 2.409438e-08, 8.852944e-08, 2.881203e-07, 8.439235e-07, 2.254471e-06, 5.554446e-06, 2.742604e-05, 5.579025e-05, 1.078801e-04, 1.993143e-04, 8.005158e-04, 2.487382e-03, 6.857010e-03, 1.610944e-02, 3.478569e-02, 6.756408e-02, 1.234202e-01, 5.820029e+01, 9.724325e+01, 1.357244e+02, 1.699966e+02, 1.986492e+02, 2.215556e+02, 2.392017e+02, 2.523011e+02, 2.677877e+02, 2.714643e+02, 2.731350e+02, 2.732170e+02, 2.720506e+02, 2.649501e+02, 2.580870e+02, 2.451331e+02, 2.331789e+02, 2.221238e+02, 2.118592e+02, 2.022921e+02, 1.933487e+02, 1.849704e+02, 1.771099e+02, 1.733612e+02, 1.697276e+02, 1.662048e+02, 1.627891e+02, 1.471888e+02, 1.337592e+02, 1.221508e+02, 1.120691e+02, 1.032682e+02, 9.554435e+01, 8.872975e+01, 8.268636e+01, 7.730045e+01, 7.247806e+01, 6.814122e+01, 6.422491e+01, 5.179543e+01, 4.296632e+01, 3.642830e+01, 3.142493e+01, 3.142493e+01
3.762857e-27, 1.108764e-23, 6.510149e-21, 1.184260e-18, 3.450156e-15, 7.829556e-14, 1.164059e-12, 1.227914e-11, 9.767109e-11, 6.142217e-10, 3.170009e-09, 1.383355e-08, 5.229131e-08, 1.746301e-07, 5.236939e-07, 1.429539e-06, 3.592681e-06, 1.837711e-05, 3.797686e-05, 7.452063e-05, 1.395799e-04, 5.787583e-04, 1.843633e-03, 5.202876e-03, 1.245943e-02, 2.739169e-02, 5.401462e-02, 1.000815e-01, 5.512323e+01, 9.357725e+01, 1.320986e+02, 1.668697e+02, 1.962907e+02, 2.200879e+02, 2.386491e+02, 2.526290e+02, 2.696618e+02, 2.739854e+02, 2.762198e+02, 2.767874e+02, 2.760355e+02, 2.692059e+02, 2.625618e+02, 2.499243e+02, 2.381661e+02, 2.272215e+02, 2.170053e+02, 2.074412e+02, 1.984672e+02, 1.900336e+02, 1.820997e+02, 1.783092e+02, 1.746310e+02, 1.710615e+02, 1.675971e+02, 1.517369e+02, 1.380385e+02, 1.261680e+02, 1.158384e+02, 1.068068e+02, 9.887003e+01, 9.185993e+01, 8.563736e+01, 8.008730e+01, 7.511445e+01, 7.063954e+01, 6.659636e+01, 5.375062e+01, 4.461354e+01, 3.784097e+01, 3.265439e+01, 3.265439e+01
8.700016e-28, 3.030173e-24, 2.033855e-21, 4.127748e-19, 1.423111e-15, 3.450391e-14, 5.432583e-13, 6.025418e-12, 5.009679e-11, 3.276858e-10, 1.751792e-09, 7.890719e-09, 3.069464e-08, 1.052133e-07, 3.231194e-07, 9.014762e-07, 2.311491e-06, 1.225306e-05, 2.572781e-05, 5.123894e-05, 9.730990e-05, 4.167055e-04, 1.361159e-03, 3.933386e-03, 9.603020e-03, 2.149878e-02, 4.304732e-02, 8.091461e-02, 5.213610e+01, 8.993862e+01, 1.284264e+02, 1.636322e+02, 1.937742e+02, 2.184320e+02, 2.378929e+02, 2.527490e+02, 2.713412e+02, 2.763247e+02, 2.791377e+02, 2.802071e+02, 2.798860e+02, 2.733459e+02, 2.669377e+02, 2.546464e+02, 2.431091e+02, 2.322957e+02, 2.221451e+02, 2.125981e+02, 2.036052e+02, 1.951259e+02, 1.871266e+02, 1.832978e+02, 1.795782e+02, 1.759647e+02, 1.724543e+02, 1.563434e+02, 1.423814e+02, 1.302515e+02, 1.196749e+02, 1.104123e+02, 1.022617e+02, 9.505473e+01, 8.865132e+01, 8.293529e+01, 7.781009e+01, 7.319521e+01, 6.902324e+01, 5.575412e+01, 4.630300e+01, 3.929086e+01, 3.391689e+01, 3.391689e+01
1.980201e-28, 8.166198e-25, 6.274271e-22, 1.422250e-19, 5.812701e-16, 1.506713e-14, 2.513747e-13, 2.932995e-12, 2.550080e-11, 1.735655e-10, 9.614647e-10, 4.471650e-09, 1.790566e-08, 6.301319e-08, 1.982271e-07, 5.653579e-07, 1.479330e-06, 8.129579e-06, 1.734657e-05, 3.506839e-05, 6.753738e-05, 2.987926e-04, 1.001035e-03, 2.962837e-03, 7.375866e-03, 1.681857e-02, 3.419983e-02, 6.522434e-02, 4.924254e+01, 8.633583e+01, 1.247182e+02, 1.602939e+02, 1.911080e+02, 2.165942e+02, 2.369370e+02, 2.526629e+02, 2.728243e+02, 2.784794e+02, 2.818853e+02, 2.834717e+02, 2.835974e+02, 2.773648e+02, 2.712094e+02, 2.592942e+02, 2.480030e+02, 2.373416e+02, 2.272741e+02, 2.177588e+02, 2.087591e+02, 2.002442e+02, 1.921878e+02, 1.883241e+02, 1.845664e+02, 1.809120e+02, 1.773581e+02, 1.610066e+02, 1.467868e+02, 1.344003e+02, 1.235779e+02, 1.140843e+02, 1.057192e+02, 9.831410e+01, 9.172830e+01, 8.584458e+01, 8.056521e+01, 7.580848e+01, 7.150587e+01, 5.780634e+01, 4.803515e+01, 4.077840e+01, 3.521287e+01, 3.521287e+01
4.436995e-29, 2.170202e-25, 1.911279e-22, 4.844389e-20, 2.351039e-16, 6.519688e-15, 1.153251e-13, 1.416263e-12, 1.288253e-11, 9.127383e-11, 5.241026e-10, 2.517624e-09, 1.038045e-08, 3.751507e-08, 1.209153e-07, 3.526200e-07, 9.417607e-07, 5.367250e-06, 1.164004e-05, 2.389061e-05, 4.666466e-05, 2.133650e-04, 7.333294e-04, 2.223674e-03, 5.645694e-03, 1.311440e-02, 2.708622e-02, 5.242102e-02, 4.644554e+01, 8.277672e+01, 1.209841e+02, 1.568651e+02, 1.883008e+02, 2.145811e+02, 2.357857e+02, 2.523730e+02, 2.741100e+02, 2.804473e+02, 2.844590e+02, 2.865772e+02, 2.871651e+02, 2.812580e+02, 2.753720e+02, 2.638626e+02, 2.528426e+02, 2.423546e+02, 2.323880e+02, 2.229193e+02, 2.139251e+02, 2.053849e+02, 1.972801e+02, 1.933854e+02, 1.895929e+02, 1.859006e+02, 1.823061e+02, 1.657245e+02, 1.512531e+02, 1.386136e+02, 1.275468e+02, 1.178225e+02, 1.092423e+02, 1.016379e+02, 9.486832e+01, 8.881528e+01, 8.337998e+01, 7.847962e+01, 7.404455e+01, 5.990768e+01, 4.981043e+01, 4.230404e+01, 3.654275e+01, 3.654275e+01
9.787287e-30, 5.687371e-26, 5.749179e-23, 1.631194e-20, 9.416462e-17, 2.795509e-15, 5.245862e-14, 6.784037e-13, 6.458856e-12, 4.765512e-11, 2.837494e-10, 1.408281e-09, 5.980593e-09, 2.220223e-08, 7.333665e-08, 2.187299e-07, 5.963790e-07, 3.526136e-06, 7.773724e-06, 1.620085e-05, 3.209905e-05, 1.517374e-04, 5.351332e-04, 1.662876e-03, 4.306497e-03, 1.019284e-02, 2.138567e-02, 4.200664e-02, 4.374742e+01, 7.926860e+01, 1.172338e+02, 1.533557e+02, 1.853613e+02, 2.123994e+02, 2.344437e+02, 2.518819e+02, 2.751978e+02, 2.822264e+02, 2.868561e+02, 2.895199e+02, 2.905847e+02, 2.850205e+02, 2.794205e+02, 2.683466e+02, 2.576232e+02, 2.473300e+02, 2.374823e+02, 2.280753e+02, 2.190996e+02, 2.105448e+02, 2.024004e+02, 1.984785e+02, 1.946549e+02, 1.909279e+02, 1.872958e+02, 1.704952e+02, 1.557789e+02, 1.428901e+02, 1.315808e+02, 1.216263e+02, 1.128306e+02, 1.050261e+02, 9.807137e+01, 9.184747e+01, 8.625458e+01, 8.120884e+01, 7.663955e+01, 6.205855e+01, 5.162927e+01, 4.386822e+01, 3.790697e+01, 3.790697e+01
2.125362e-30, 1.469797e-26, 1.707701e-23, 5.429742e-21, 3.734781e-17, 1.187781e-15, 2.365939e-14, 3.223648e-13, 3.213810e-12, 2.470339e-11, 1.525782e-10, 7.826480e-10, 3.424342e-09, 1.306193e-08, 4.422682e-08, 1.349368e-07, 3.756762e-07, 2.305224e-06, 5.167028e-06, 1.093581e-05, 2.198162e-05, 1.074688e-04, 3.889922e-04, 1.239019e-03, 3.273684e-03, 7.896480e-03, 1.683258e-02, 3.356219e-02, 4.114995e+01, 7.581816e+01, 1.134768e+02, 1.497756e+02, 1.822986e+02, 2.100563e+02, 2.329163e+02, 2.511927e+02, 2.760871e+02, 2.838150e+02, 2.890738e+02, 2.922963e+02, 2.938522e+02, 2.886481e+02, 2.833503e+02, 2.727412e+02, 2.623397e+02, 2.522630e+02, 2.425526e+02, 2.332230e+02, 2.242787e+02, 2.157203e+02, 2.075456e+02, 2.036006e+02, 1.997495e+02, 1.959913e+02, 1.923246e+02, 1.753168e+02, 1.603628e+02, 1.472289e+02, 1.356791e+02, 1.254952e+02, 1.164838e+02, 1.084784e+02, 1.013374e+02, 9.494120e+01, 8.918914e+01, 8.399634e+01, 7.929113e+01, 6.425930e+01, 5.349208e+01, 4.547135e+01, 3.930593e+01, 3.930593e+01
4.543639e-31, 3.745769e-27, 5.008937e-24, 1.786746e-21, 1.466882e-17, 5.000988e-16, 1.058004e-14, 1.519586e-13, 1.587078e-12, 1.271424e-11, 8.148776e-11, 4.321410e-10, 1.948580e-09, 7.639088e-09, 2.652030e-08, 8.278986e-08, 2.354062e-07, 1.499675e-06, 3.418164e-06, 7.348006e-06, 1.498628e-05, 7.580463e-05, 2.816692e-04, 9.198742e-04, 2.480039e-03, 6.097701e-03, 1.320793e-02, 2.673659e-02, 3.865429e+01, 7.243153e+01, 1.097222e+02, 1.461345e+02, 1.791215e+02, 2.075593e+02, 2.312088e+02, 2.503090e+02, 2.767783e+02, 2.852120e+02, 2.911099e+02, 2.949032e+02, 2.969637e+02, 2.921365e+02, 2.871568e+02, 2.770418e+02, 2.669876e+02, 2.571491e+02, 2.475946e+02, 2.383580e+02, 2.294586e+02, 2.209080e+02, 2.127125e+02, 2.087486e+02, 2.048739e+02, 2.010878e+02, 1.973899e+02, 1.801872e+02, 1.650033e+02, 1.516287e+02, 1.398410e+02, 1.294286e+02, 1.202016e+02, 1.119947e+02, 1.046663e+02, 9.809650e+01, 9.218376e+01, 8.684231e+01, 8.199951e+01, 6.651031e+01, 5.539928e+01, 4.711386e+01, 4.074005e+01, 4.074005e+01
9.562651e-32, 9.413808e-28, 1.450808e-24, 5.812459e-22, 5.705330e-18, 2.086521e-16, 4.691067e-15, 7.105986e-14, 7.778448e-13, 6.497026e-12, 4.322525e-11, 2.370662e-10, 1.101973e-09, 4.441216e-09, 1.581257e-08, 5.051858e-08, 1.467364e-07, 9.708554e-07, 2.250548e-06, 4.914699e-06, 1.017180e-05, 5.325203e-05, 2.031704e-04, 6.804795e-04, 1.872374e-03, 4.693497e-03, 1.033187e-02, 2.123677e-02, 3.626108e+01, 6.911424e+01, 1.059785e+02, 1.424422e+02, 1.758391e+02, 2.049159e+02, 2.293269e+02, 2.492346e+02, 2.772717e+02, 2.864165e+02, 2.929623e+02, 2.973378e+02, 2.999157e+02, 2.954816e+02, 2.908357e+02, 2.812435e+02, 2.715619e+02, 2.619836e+02, 2.526038e+02, 2.434764e+02, 2.346355e+02, 2.261042e+02, 2.178978e+02, 2.139193e+02, 2.100249e+02, 2.062148e+02, 2.024889e+02, 1.851044e+02, 1.696986e+02, 1.560884e+02, 1.440655e+02, 1.334260e+02, 1.239836e+02, 1.155746e+02, 1.080580e+02, 1.013134e+02, 9.523853e+01, 8.974688e+01, 8.476490e+01, 6.881191e+01, 5.735125e+01, 4.879616e+01, 4.220973e+01, 4.220973e+01
1.981341e-32, 2.333101e-28, 4.149616e-25, 1.869275e-22, 2.197482e-18, 8.626613e-17, 2.062334e-15, 3.296461e-14, 3.783618e-13, 3.296339e-12, 2.277356e-11, 1.292117e-10, 6.193526e-10, 2.566798e-09, 9.374774e-09, 3.065883e-08, 9.098646e-08, 6.254436e-07, 1.474790e-06, 3.272172e-06, 6.873448e-06, 3.725694e-05, 1.459847e-04, 5.015807e-04, 1.408775e-03, 3.601039e-03, 8.057224e-03, 1.681901e-02, 3.397047e+01, 6.587125e+01, 1.022540e+02, 1.387080e+02, 1.724606e+02, 2.021339e+02, 2.272768e+02, 2.479737e+02, 2.775683e+02, 2.874281e+02, 2.946296e+02, 2.995976e+02, 3.027050e+02, 2.986798e+02, 2.943829e+02, 2.853420e+02, 2.760582e+02, 2.667619e+02, 2.575759e+02, 2.485739e+02, 2.398055e+02, 2.313055e+02, 2.230982e+02, 2.191096e+02, 2.151997e+02, 2.113692e+02, 2.076188e+02, 1.900661e+02, 1.744472e+02, 1.606067e+02, 1.483517e+02, 1.374865e+02, 1.278292e+02, 1.192180e+02, 1.115123e+02, 1.045917e+02, 9.835348e+01, 9.271019e+01, 8.758748e+01, 7.116443e+01, 5.934840e+01, 5.051865e+01, 4.371538e+01, 4.371538e+01
4.041567e-33, 5.702281e-29, 1.172040e-25, 5.943001e-23, 8.381690e-19, 3.534364e-17, 8.989856e-16, 1.517047e-14, 1.826603e-13, 1.660524e-12, 1.191724e-11, 6.997209e-11, 3.459573e-10, 1.474734e-09, 5.526579e-09, 1.850519e-08, 5.612258e-08, 4.009599e-07, 9.618812e-07, 2.168654e-06, 4.624101e-06, 2.596044e-05, 1.044919e-04, 3.683911e-04, 1.056353e-03, 2.753995e-03, 6.264086e-03, 1.328144e-02, 3.178214e+01, 6.270696e+01, 9.855633e+01, 1.349412e+02, 1.689949e+02, 1.992213e+02, 2.250649e+02, 2.465309e+02, 2.776693e+02, 2.882465e+02, 2.961103e+02, 3.016803e+02, 3.053284e+02, 3.017274e+02, 2.977945e+02, 2.893329e+02, 2.804719e+02, 2.714797e+02, 2.625065e+02, 2.536465e+02, 2.449647e+02, 2.365081e+02, 2.283104e+02, 2.243164e+02, 2.203951e+02, 2.165482e+02, 2.127770e+02, 1.950701e+02, 1.792473e+02, 1.651823e+02, 1.526985e+02, 1.416095e+02, 1.317380e+02, 1.229244e+02, 1.150291e+02, 1.079316e+02, 1.015287e+02, 9.573232e+01, 9.046742e+01, 7.356818e+01, 6.139108e+01, 5.228173e+01, 4.525739e+01, 4.525739e+01
8.116199e-34, 1.374401e-29, 3.269015e-26, 1.867930e-23, 3.165939e-19, 1.434956e-17, 3.885577e-16, 6.925966e-15, 8.751988e-14, 8.305342e-13, 6.194052e-12, 3.764800e-11, 1.920558e-10, 8.423084e-10, 3.239605e-09, 1.110882e-08, 3.443684e-08, 2.557972e-07, 6.244031e-07, 1.430744e-06, 3.097124e-06, 1.801582e-05, 7.450570e-05, 2.696019e-04, 7.894008e-04, 2.099451e-03, 4.855105e-03, 1.045745e-02, 2.969533e+01, 5.962521e+01, 9.489293e+01, 1.311505e+02, 1.654511e+02, 1.961861e+02, 2.226975e+02, 2.449111e+02, 2.775764e+02, 2.888722e+02, 2.974037e+02, 3.035841e+02, 3.077835e+02, 3.046213e+02, 3.010668e+02, 2.932119e+02, 2.847986e+02, 2.761325e+02, 2.673913e+02, 2.586900e+02, 2.501093e+02, 2.417085e+02, 2.335311e+02, 2.295363e+02, 2.256081e+02, 2.217488e+02, 2.179604e+02, 2.001141e+02, 1.840972e+02, 1.698138e+02, 1.571051e+02, 1.457943e+02, 1.357094e+02, 1.266935e+02, 1.186080e+02, 1.113327e+02, 1.047640e+02, 9.881334e+01, 9.340484e+01, 7.602347e+01, 6.347967e+01, 5.408578e+01, 4.683615e+01, 4.683615e+01
1.604615e-34, 3.266861e-30, 9.003959e-27, 5.804173e-24, 1.184243e-19, 5.773312e-18, 1.665215e-16, 3.136858e-15, 4.161956e-14, 4.124503e-13, 3.197649e-12, 2.012592e-11, 1.059633e-10, 4.782627e-10, 1.888299e-09, 6.632558e-09, 2.102018e-08, 1.623960e-07, 4.034258e-07, 9.396242e-07, 2.065244e-06, 1.245192e-05, 5.292131e-05, 1.966008e-04, 5.879088e-04, 1.595358e-03, 3.751551e-03, 8.210034e-03, 2.770892e+01, 5.662931e+01, 9.127059e+01, 1.273448e+02, 1.618382e+02, 1.930365e+02, 2.201816e+02, 2.431194e+02, 2.772915e+02, 2.893056e+02, 2.985090e+02, 3.053073e+02, 3.100676e+02, 3.073584e+02, 3.041964e+02, 2.969750e+02, 2.890340e+02, 2.807159e+02, 2.722261e+02, 2.637003e+02, 2.552354e+02, 2.469031e+02, 2.387568e+02, 2.347661e+02, 2.308354e+02, 2.269680e+02, 2.231663e+02, 2.051960e+02, 1.889949e+02, 1.744998e+02, 1.615702e+02, 1.500399e+02, 1.397428e+02, 1.305249e+02, 1.222490e+02, 1.147951e+02, 1.080595e+02, 1.019533e+02, 9.639985e+01, 7.853055e+01, 6.561452e+01, 5.593120e+01, 4.845205e+01, 4.845205e+01
3.123250e-35, 7.657785e-31, 2.449036e-27, 1.782985e-24, 4.386817e-20, 2.301830e-18, 7.076192e-17, 1.409435e-15, 1.964352e-14, 2.033715e-13, 1.639633e-12, 1.068978e-11, 5.810440e-11, 2.699620e-10, 1.094448e-09, 3.938548e-09, 1.276380e-08, 1.025989e-07, 2.594300e-07, 6.142846e-07, 1.371098e-06, 8.571604e-06, 3.744629e-05, 1.428562e-04, 4.363640e-04, 1.208436e-03, 2.889995e-03, 6.426959e-03, 2.582142e+01, 5.372204e+01, 8.769569e+01, 1.235324e+02, 1.581649e+02, 1.897807e+02, 2.175242e+02, 2.411613e+02, 2.768169e+02, 2.895477e+02, 2.994261e+02, 3.068487e+02, 3.121787e+02, 3.099359e+02, 3.071798e+02, 3.006184e+02, 2.931739e+02, 2.852257e+02, 2.770066e+02, 2.686734e+02, 2.603391e+02, 2.520882e+02, 2.439841e+02, 2.400025e+02, 2.360741e+02, 2.322028e+02, 2.283917e+02, 2.103131e+02, 1.939387e+02, 1.792388e+02, 1.660927e+02, 1.543456e+02, 1.438376e+02, 1.344181e+02, 1.259515e+02, 1.183184e+02, 1.114152e+02, 1.051522e+02, 9.945254e+01, 8.108971e+01, 6.779596e+01, 5.781834e+01, 5.010547e+01, 5.010547e+01
5.984988e-36, 1.770246e-31, 6.578163e-28, 5.414839e-25, 1.609277e-20, 9.094651e-19, 2.981579e-17, 6.282522e-16, 9.201839e-15, 9.956712e-14, 8.350736e-13, 5.641365e-12, 3.166586e-11, 1.514893e-10, 6.307650e-10, 2.326140e-09, 7.710037e-09, 6.450603e-08, 1.660493e-07, 3.997706e-07, 9.062592e-07, 5.876709e-06, 2.639530e-05, 1.034350e-04, 3.227878e-04, 9.124407e-04, 2.219525e-03, 5.016610e-03, 2.403102e+01, 5.090568e+01, 8.417415e+01, 1.197213e+02, 1.544399e+02, 1.864270e+02, 2.147323e+02, 2.390424e+02, 2.761553e+02, 2.895999e+02, 3.001549e+02, 3.082072e+02, 3.141150e+02, 3.123513e+02, 3.100142e+02, 3.041383e+02, 2.972142e+02, 2.896577e+02, 2.817287e+02, 2.736052e+02, 2.654165e+02, 2.572600e+02, 2.492097e+02, 2.452422e+02, 2.413207e+02, 2.374499e+02, 2.336337e+02, 2.154633e+02, 1.989266e+02, 1.840292e+02, 1.706715e+02, 1.587105e+02, 1.479931e+02, 1.383727e+02, 1.297154e+02, 1.219026e+02, 1.148308e+02, 1.084101e+02, 1.025630e+02, 8.370117e+01, 7.002433e+01, 5.974757e+01, 5.179678e+01, 5.179678e+01
1.129127e-36, 4.035751e-32, 1.744875e-28, 1.625759e-25, 5.846387e-21, 3.560950e-19, 1.245698e-17, 2.778202e-16, 4.278251e-15, 4.840067e-14, 4.224427e-13, 2.958041e-12, 1.715160e-11, 8.450987e-11, 3.614856e-10, 1.366414e-09, 4.633065e-09, 4.035995e-08, 1.057833e-07, 2.589885e-07, 5.963837e-07, 4.012875e-06, 1.853474e-05, 7.462649e-05, 2.379672e-04, 6.867586e-04, 1.699426e-03, 3.904470e-03, 2.233566e+01, 4.818202e+01, 8.071141e+01, 1.159193e+02, 1.506719e+02, 1.829836e+02, 2.118133e+02, 2.367688e+02, 2.753098e+02, 2.894636e+02, 3.006960e+02, 3.093823e+02, 3.158748e+02, 3.146024e+02, 3.126968e+02, 3.075311e+02, 3.011511e+02, 2.940077e+02, 2.863883e+02, 2.784917e+02, 2.704638e+02, 2.624150e+02, 2.544299e+02, 2.504818e+02, 2.465721e+02, 2.427064e+02, 2.388891e+02, 2.206439e+02, 2.039565e+02, 1.888696e+02, 1.753053e+02, 1.631335e+02, 1.522086e+02, 1.423881e+02, 1.335402e+02, 1.255474e+02, 1.183063e+02, 1.117269e+02, 1.057312e+02, 8.636517e+01, 7.229994e+01, 6.171925e+01, 5.352634e+01, 5.352634e+01
2.097240e-37, 9.073568e-33, 4.570639e-29, 4.825722e-26, 2.103402e-21, 1.381705e-19, 5.160618e-18, 1.218814e-16, 1.974225e-15, 2.336141e-14, 2.122650e-13, 1.541101e-12, 9.233181e-12, 4.686852e-11, 2.060003e-10, 7.983229e-10, 2.769609e-09, 2.513022e-08, 6.707531e-08, 1.670248e-07, 3.907429e-07, 2.729162e-06, 1.296556e-05, 5.365108e-05, 1.748443e-04, 5.152579e-04, 1.297258e-03, 3.030144e-03, 2.073300e+01, 4.555242e+01, 7.731241e+01, 1.121336e+02, 1.468691e+02, 1.794587e+02, 2.087745e+02, 2.343465e+02, 2.742834e+02, 2.891409e+02, 3.010500e+02, 3.103735e+02, 3.174570e+02, 3.166871e+02, 3.152249e+02, 3.107936e+02, 3.049806e+02, 2.982719e+02, 2.909814e+02, 2.833289e+02, 2.754770e+02, 2.675495e+02, 2.596414e+02, 2.557180e+02, 2.518251e+02, 2.479690e+02, 2.441551e+02, 2.258525e+02, 2.090265e+02, 1.937583e+02, 1.799929e+02, 1.676137e+02, 1.564834e+02, 1.464637e+02, 1.374256e+02, 1.292525e+02, 1.218415e+02, 1.151025e+02, 1.089572e+02, 8.908192e+01, 7.462309e+01, 6.373371e+01, 5.529452e+01, 5.529452e+01
3.835143e-38, 2.011858e-33, 1.182346e-29, 1.416140e-26, 7.494405e-22, 5.312962e-20, 2.119900e-18, 5.304651e-17, 9.042078e-16, 1.119596e-14, 1.059397e-13, 7.977520e-13, 4.940082e-12, 2.584081e-11, 1.167348e-10, 4.639025e-10, 1.647058e-09, 1.557183e-08, 4.233273e-08, 1.072297e-07, 2.548888e-07, 1.848664e-06, 9.035315e-06, 3.843497e-05, 1.280332e-04, 3.853620e-04, 9.872673e-04, 2.344857e-03, 1.922050e+01, 4.301777e+01, 7.398166e+01, 1.083714e+02, 1.430397e+02, 1.758607e+02, 2.056234e+02, 2.317819e+02, 2.730800e+02, 2.886340e+02, 3.012179e+02, 3.111809e+02, 3.188606e+02, 3.186039e+02, 3.175963e+02, 3.139225e+02, 3.086993e+02, 3.024462e+02, 2.955038e+02, 2.881129e+02, 2.804525e+02, 2.726598e+02, 2.648407e+02, 2.609474e+02, 2.570764e+02, 2.532347e+02, 2.494285e+02, 2.310865e+02, 2.141346e+02, 1.986936e+02, 1.847328e+02, 1.721501e+02, 1.608166e+02, 1.505990e+02, 1.413711e+02, 1.330176e+02, 1.254362e+02, 1.185368e+02, 1.122410e+02, 9.185160e+01, 7.699408e+01, 6.579131e+01, 5.710166e+01, 5.710166e+01
6.904709e-39, 4.399306e-34, 3.020439e-30, 4.108568e-27, 2.644447e-22, 2.024569e-20, 8.634880e-19, 2.290470e-17, 4.110393e-16, 5.327713e-15, 5.251840e-14, 4.103142e-13, 2.626972e-12, 1.416394e-11, 6.577961e-11, 2.681201e-10, 9.744111e-10, 9.602479e-09, 2.659256e-08, 6.853062e-08, 1.655416e-07, 1.247224e-06, 6.272560e-06, 2.743721e-05, 9.344004e-05, 2.873025e-04, 7.490826e-04, 1.809356e-03, 1.779545e+01, 4.057857e+01, 7.072321e+01, 1.046391e+02, 1.391916e+02, 1.721975e+02, 2.023676e+02, 2.290815e+02, 2.717032e+02, 2.879455e+02, 3.012011e+02, 3.118046e+02, 3.200848e+02, 3.203511e+02, 3.198088e+02, 3.169149e+02, 3.123035e+02, 3.065269e+02, 2.999519e+02, 2.928397e+02, 2.853863e+02, 2.777423e+02, 2.700243e+02, 2.661667e+02, 2.623226e+02, 2.585002e+02, 2.547062e+02, 2.363434e+02, 2.192784e+02, 2.036738e+02, 1.895237e+02, 1.767415e+02, 1.652074e+02, 1.547934e+02, 1.453762e+02, 1.368424e+02, 1.290902e+02, 1.220298e+02, 1.155825e+02, 9.467439e+01, 7.941318e+01, 6.789235e+01, 5.894811e+01, 5.894811e+01
1.223889e-39, 9.487267e-35, 7.620008e-31, 1.178466e-27, 9.240970e-23, 7.645486e-21, 3.487600e-19, 9.811675e-18, 1.854575e-16, 2.517327e-15, 2.586061e-14, 2.096909e-13, 1.388408e-12, 7.718230e-12, 3.685892e-11, 1.541305e-10, 5.734832e-10, 5.892904e-09, 1.662711e-08, 4.360060e-08, 1.070441e-07, 8.380914e-07, 4.338086e-06, 1.951736e-05, 6.796491e-05, 2.135200e-04, 5.666482e-04, 1.392158e-03, 1.645497e+01, 3.823493e+01, 6.754063e+01, 1.009432e+02, 1.353326e+02, 1.684772e+02, 1.990147e+02, 2.262518e+02, 2.701573e+02, 2.870781e+02, 3.010013e+02, 3.122454e+02, 3.211294e+02, 3.219277e+02, 3.218607e+02, 3.197679e+02, 3.157898e+02, 3.105103e+02, 3.043216e+02, 2.975056e+02, 2.902748e+02, 2.827932e+02, 2.751887e+02, 2.713723e+02, 2.675606e+02, 2.637623e+02, 2.599852e+02, 2.416205e+02, 2.244560e+02, 2.086971e+02, 1.943643e+02, 1.813869e+02, 1.696548e+02, 1.590460e+02, 1.494404e+02, 1.407264e+02, 1.328032e+02, 1.255812e+02, 1.189816e+02, 9.755045e+01, 8.188066e+01, 7.003717e+01, 6.083422e+01, 6.083422e+01
2.135863e-40, 2.017764e-35, 1.898467e-31, 3.341863e-28, 3.198067e-23, 2.861255e-21, 1.396783e-19, 4.169795e-18, 8.305266e-17, 1.181027e-15, 1.264861e-14, 1.064778e-13, 7.293266e-13, 4.181280e-12, 2.053793e-11, 8.812653e-11, 3.357736e-10, 3.598986e-09, 1.034780e-08, 2.761471e-08, 6.891590e-08, 5.609205e-07, 2.988860e-06, 1.383479e-05, 4.926974e-05, 1.581862e-04, 4.273548e-04, 1.068101e-03, 1.519608e+01, 3.598660e+01, 6.443707e+01, 9.728935e+01, 1.314699e+02, 1.647078e+02, 1.955721e+02, 2.232997e+02, 2.684465e+02, 2.860350e+02, 3.006202e+02, 3.125039e+02, 3.219941e+02, 3.233326e+02, 3.237502e+02, 3.224791e+02, 3.191552e+02, 3.143929e+02, 3.086093e+02, 3.021068e+02, 2.951141e+02, 2.878090e+02, 2.803304e+02, 2.765610e+02, 2.727869e+02, 2.690178e+02, 2.652622e+02, 2.469152e+02, 2.296651e+02, 2.137617e+02, 1.992530e+02, 1.860851e+02, 1.741581e+02, 1.633563e+02, 1.535632e+02, 1.446694e+02, 1.365751e+02, 1.291910e+02, 1.224384e+02, 1.004799e+02, 8.439676e+01, 7.222605e+01, 6.276031e+01, 6.276031e+01
3.669799e-41, 4.232279e-36, 4.671054e-32, 9.369301e-29, 1.096092e-23, 1.061180e-21, 5.547087e-20, 1.758091e-18, 3.691586e-17, 5.501792e-16, 6.145059e-15, 5.372262e-14, 3.807782e-13, 2.251960e-12, 1.137983e-11, 5.011710e-11, 1.955789e-10, 2.187448e-09, 6.409981e-09, 1.741129e-08, 4.417533e-08, 3.739184e-07, 2.051490e-06, 9.772297e-06, 3.559768e-05, 1.168241e-04, 3.213342e-04, 8.171428e-04, 1.401568e+01, 3.383300e+01, 6.141525e+01, 9.368310e+01, 1.276109e+02, 1.608969e+02, 1.920476e+02, 2.202319e+02, 2.665755e+02, 2.848195e+02, 3.000602e+02, 3.125813e+02, 3.226791e+02, 3.245652e+02, 3.254762e+02, 3.250460e+02, 3.223965e+02, 3.181711e+02, 3.128114e+02, 3.066395e+02, 2.999007e+02, 2.927861e+02, 2.854460e+02, 2.817293e+02, 2.779982e+02, 2.742634e+02, 2.705343e+02, 2.522248e+02, 2.349035e+02, 2.188659e+02, 2.041884e+02, 1.908348e+02, 1.787161e+02, 1.677234e+02, 1.577440e+02, 1.486709e+02, 1.404054e+02, 1.328588e+02, 1.259526e+02, 1.034629e+02, 8.696172e+01, 7.445932e+01, 6.472670e+01, 6.472670e+01
6.207982e-42, 8.754974e-37, 1.134993e-32, 2.597017e-29, 3.720472e-24, 3.900365e-22, 2.184425e-20, 7.354027e-19, 1.628639e-17, 2.544921e-16, 2.965448e-15, 2.693248e-14, 1.975920e-13, 1.205798e-12, 6.270207e-12, 2.834840e-11, 1.133312e-10, 1.323136e-09, 3.952252e-09, 1.092864e-08, 2.819329e-08, 2.482679e-07, 1.402787e-06, 6.878535e-06, 2.563369e-05, 8.600657e-05, 2.408912e-04, 6.233719e-04, 1.291063e+01, 3.177325e+01, 5.847746e+01, 9.012951e+01, 1.237623e+02, 1.570523e+02, 1.884486e+02, 2.170554e+02, 2.645491e+02, 2.834354e+02, 2.993238e+02, 3.124790e+02, 3.231849e+02, 3.256252e+02, 3.270374e+02, 3.274665e+02, 3.255108e+02, 3.218418e+02, 3.169243e+02, 3.111001e+02, 3.046307e+02, 2.977209e+02, 2.905320e+02, 2.868738e+02, 2.831913e+02, 2.794960e+02, 2.757981e+02, 2.575466e+02, 2.401688e+02, 2.240076e+02, 2.091688e+02, 1.956348e+02, 1.833280e+02, 1.721465e+02, 1.619822e+02, 1.527304e+02, 1.442938e+02, 1.365845e+02, 1.295241e+02, 1.064995e+02, 8.957577e+01, 7.673724e+01, 6.673372e+01, 6.673372e+01
1.033951e-42, 1.786135e-37, 2.723582e-33, 7.116947e-30, 1.250670e-24, 1.420714e-22, 8.529973e-21, 3.051888e-19, 7.131673e-18, 1.168887e-16, 1.421471e-15, 1.341586e-14, 1.019098e-13, 6.418779e-13, 3.435558e-12, 1.594911e-11, 6.533267e-11, 7.964937e-10, 2.425570e-09, 6.828858e-09, 1.791511e-08, 1.641855e-07, 9.555964e-07, 4.824726e-06, 1.839716e-05, 6.312029e-05, 1.800456e-04, 4.742010e-04, 1.187773e+01, 2.980616e+01, 5.562561e+01, 8.663325e+01, 1.199307e+02, 1.531814e+02, 1.847828e+02, 2.137773e+02, 2.623723e+02, 2.818864e+02, 2.984136e+02, 3.121988e+02, 3.235122e+02, 3.265123e+02, 3.284330e+02, 3.297385e+02, 3.284954e+02, 3.254016e+02, 3.209445e+02, 3.154850e+02, 3.093008e+02, 3.026099e+02, 2.955850e+02, 2.919912e+02, 2.883628e+02, 2.847122e+02, 2.810506e+02, 2.628778e+02, 2.454588e+02, 2.291850e+02, 2.141928e+02, 2.004838e+02, 1.879927e+02, 1.766249e+02, 1.662772e+02, 1.568473e+02, 1.482399e+02, 1.403678e+02, 1.331527e+02, 1.095898e+02, 9.223912e+01, 7.906009e+01, 6.878167e+01, 6.878167e+01
1.695482e-43, 3.593803e-38, 6.454434e-34, 1.928261e-30, 4.163737e-25, 5.128559e-23, 3.302922e-21, 1.256531e-19, 3.099663e-18, 5.330903e-17, 6.768164e-16, 6.640266e-15, 5.224129e-14, 3.397009e-13, 1.871905e-12, 8.925072e-12, 3.746859e-11, 4.771702e-10, 1.481721e-09, 4.247944e-09, 1.133452e-08, 1.081489e-07, 6.485148e-07, 3.372322e-06, 1.315959e-05, 4.617920e-05, 1.341664e-04, 3.597045e-04, 1.091375e+01, 2.793032e+01, 5.286121e+01, 8.319863e+01, 1.161224e+02, 1.492913e+02, 1.810573e+02, 2.104043e+02, 2.600503e+02, 2.801767e+02, 2.973327e+02, 3.117424e+02, 3.236619e+02, 3.272267e+02, 3.296623e+02, 3.318602e+02, 3.313479e+02, 3.288476e+02, 3.248687e+02, 3.197908e+02, 3.139072e+02, 3.074494e+02, 3.006015e+02, 2.970781e+02, 2.935094e+02, 2.899089e+02, 2.862886e+02, 2.682157e+02, 2.507711e+02, 2.343960e+02, 2.192586e+02, 2.053805e+02, 1.927090e+02, 1.811577e+02, 1.706281e+02, 1.610213e+02, 1.522434e+02, 1.442084e+02, 1.368383e+02, 1.127338e+02, 9.495196e+01, 8.142815e+01, 7.087085e+01, 7.087085e+01
2.737358e-44, 7.131439e-39, 1.510597e-34, 5.165274e-31, 1.372845e-25, 1.834736e-23, 1.268210e-21, 5.132648e-20, 1.337199e-18, 2.414133e-17, 3.201040e-16, 3.265725e-15, 2.661738e-14, 1.787349e-13, 1.014247e-12, 4.967712e-12, 2.137776e-11, 2.844982e-10, 9.009579e-10, 2.630633e-09, 7.140003e-09, 7.095526e-08, 4.384599e-07, 2.348915e-06, 9.381849e-06, 3.367955e-05, 9.967965e-05, 2.720819e-04, 1.001547e+01, 2.614408e+01, 5.018539e+01, 7.982954e+01, 1.123432e+02, 1.453891e+02, 1.772798e+02, 2.069437e+02, 2.575885e+02, 2.783105e+02, 2.960842e+02, 3.111123e+02, 3.236353e+02, 3.277687e+02, 3.307249e+02, 3.338302e+02, 3.340657e+02, 3.321768e+02, 3.286937e+02, 3.240139e+02, 3.184465e+02, 3.122362e+02, 3.055781e+02, 3.021311e+02, 2.986279e+02, 2.950829e+02, 2.915089e+02, 2.735575e+02, 2.561034e+02, 2.396388e+02, 2.243647e+02, 2.103235e+02, 1.974759e+02, 1.857439e+02, 1.750344e+02, 1.652517e+02, 1.563039e+02, 1.481059e+02, 1.405807e+02, 1.159316e+02, 9.771448e+01, 8.384166e+01, 7.300156e+01, 7.300156e+01
4.351286e-45, 1.395677e-39, 3.491512e-35, 1.367974e-31, 4.482904e-26, 6.504937e-24, 4.828676e-22, 2.080056e-20, 5.725829e-19, 1.085564e-17, 1.503836e-16, 1.595889e-15, 1.347944e-14, 9.349582e-14, 5.464854e-13, 2.750252e-12, 1.213436e-11, 1.688118e-10, 5.452929e-10, 1.621789e-09, 4.478241e-09, 4.636868e-08, 2.953292e-07, 1.630383e-06, 6.666387e-06, 2.448671e-05, 7.383681e-05, 2.052228e-04, 9.179671e+00, 2.444556e+01, 4.759897e+01, 7.652951e+01, 1.085988e+02, 1.414818e+02, 1.734572e+02, 2.034025e+02, 2.549923e+02, 2.762924e+02, 2.946718e+02, 3.103107e+02, 3.234339e+02, 3.281389e+02, 3.316208e+02, 3.356471e+02, 3.366468e+02, 3.353865e+02, 3.324163e+02, 3.281511e+02, 3.229153e+02, 3.169666e+02, 3.105114e+02, 3.071469e+02, 3.037149e+02, 3.002308e+02, 2.967083e+02, 2.789004e+02, 2.614532e+02, 2.449112e+02, 2.295092e+02, 2.153113e+02, 2.022922e+02, 1.903826e+02, 1.794952e+02, 1.695378e+02, 1.604208e+02, 1.520601e+02, 1.443795e+02, 1.191833e+02, 1.005268e+02, 8.630088e+01, 7.517408e+01, 7.517408e+01
6.810091e-46, 2.693885e-40, 7.969938e-36, 3.581967e-32, 1.449769e-26, 2.285630e-24, 1.823103e-22, 8.363262e-21, 2.433565e-19, 4.847141e-18, 7.017801e-17, 7.749192e-16, 6.784783e-15, 4.862361e-14, 2.928131e-13, 1.514474e-12, 6.852249e-12, 9.968848e-11, 3.285068e-10, 9.953667e-10, 2.796611e-09, 3.018177e-08, 1.981761e-07, 1.127713e-06, 4.721180e-06, 1.774766e-05, 5.453116e-05, 1.543568e-04, 8.403175e+00, 2.283274e+01, 4.510239e+01, 7.330169e+01, 1.048944e+02, 1.375757e+02, 1.695969e+02, 1.997875e+02, 2.522675e+02, 2.741271e+02, 2.930989e+02, 3.093403e+02, 3.230594e+02, 3.283382e+02, 3.323499e+02, 3.373096e+02, 3.390890e+02, 3.384740e+02, 3.360334e+02, 3.321992e+02, 3.273103e+02, 3.216374e+02, 3.153982e+02, 3.121221e+02, 3.087671e+02, 3.053494e+02, 3.018838e+02, 2.842416e+02, 2.668181e+02, 2.502112e+02, 2.346905e+02, 2.203427e+02, 2.071567e+02, 1.950729e+02, 1.840099e+02, 1.738792e+02, 1.645936e+02, 1.560706e+02, 1.482345e+02, 1.224887e+02, 1.033892e+02, 8.880603e+01, 7.738869e+01, 7.738869e+01
2.556241e-54, 9.035878e-48, 1.541559e-42, 2.905312e-38, 1.066999e-31, 4.000803e-29, 6.761740e-27, 5.983645e-25, 3.108895e-23, 1.036686e-21, 2.380143e-20, 3.979925e-19, 5.072330e-18, 5.113859e-17, 4.205644e-16, 2.894448e-15, 1.703234e-14, 3.953636e-13, 1.605022e-12, 5.905512e-12, 1.988941e-11, 3.317381e-10, 2.986394e-09, 2.335961e-08, 1.249470e-07, 5.987195e-07, 2.236396e-06, 7.665201e-06, 3.245769e+00, 1.088283e+01, 2.498070e+01, 4.543965e+01, 7.097724e+01, 9.984931e+01, 1.303538e+02, 1.610744e+02, 2.192452e+02, 2.455076e+02, 2.694889e+02, 2.910946e+02, 3.103359e+02, 3.212777e+02, 3.306461e+02, 3.453408e+02, 3.555568e+02, 3.621599e+02, 3.658332e+02, 3.671312e+02, 3.665129e+02, 3.643608e+02, 3.609942e+02, 3.589402e+02, 3.566784e+02, 3.542349e+02, 3.516333e+02, 3.369357e+02, 3.207464e+02, 3.042524e+02, 2.881199e+02, 2.727019e+02, 2.581658e+02, 2.445713e+02, 2.319169e+02, 2.201675e+02, 2.092709e+02, 1.991677e+02, 1.897968e+02, 1.584898e+02, 1.347849e+02, 1.164272e+02, 1.019041e+02, 1.019041e+02
2.035924e-63, 7.620867e-56, 8.588033e-50, 7.584959e-45, 2.998926e-37, 2.860183e-34, 1.085652e-31, 1.950116e-29, 1.892304e-27, 1.099459e-25, 4.148565e-24, 1.084817e-22, 2.071963e-21, 3.017477e-20, 3.471840e-19, 3.250665e-18, 2.539018e-17, 9.750525e-16, 4.955866e-15, 2.247872e-14, 9.203502e-14, 2.465889e-12, 3.103587e-11, 3.430824e-10, 2.382221e-09, 1.485630e-08, 6.835649e-08, 2.883056e-07, 1.111784e+00, 4.675550e+00, 1.261748e+01, 2.591259e+01, 4.448257e+01, 6.748572e+01, 9.371814e+01, 1.219235e+02, 1.799407e+02, 2.081229e+02, 2.350143e+02, 2.602790e+02, 2.837153e+02, 2.996139e+02, 3.139151e+02, 3.381530e+02, 3.572356e+02, 3.718832e+02, 3.827350e+02, 3.903589e+02, 3.952586e+02, 3.978776e+02, 3.986034e+02, 3.983629e+02, 3.977708e+02, 3.968616e+02, 3.956669e+02, 3.863543e+02, 3.733875e+02, 3.585903e+02, 3.430915e+02, 3.275737e+02, 3.124375e+02, 2.979073e+02, 2.840977e+02, 2.710558e+02, 2.587877e+02, 2.472748e+02, 2.364848e+02, 1.997262e+02, 1.712335e+02, 1.488118e+02, 1.308653e+02, 1.308653e+02
3.450929e-73, 1.621007e-64, 1.382163e-57, 6.393027e-52, 3.228554e-43, 8.376251e-40, 7.568530e-37, 2.903776e-34, 5.504291e-32, 5.799426e-30, 3.727259e-28, 1.574002e-26, 4.638347e-25, 1.001928e-23, 1.652250e-22, 2.151716e-21, 2.276729e-20, 1.499833e-18, 9.699818e-18, 5.505910e-17, 2.779264e-16, 1.244150e-14, 2.231032e-13, 3.585335e-12, 3.281880e-11, 2.720633e-10, 1.561859e-09, 8.240106e-09, 3.387317e-01, 1.816077e+00, 5.829178e+00, 1.363469e+01, 2.589814e+01, 4.260357e+01, 6.321517e+01, 8.690696e+01, 1.398824e+02, 1.675021e+02, 1.949745e+02, 2.217967e+02, 2.475932e+02, 2.670971e+02, 2.852632e+02, 3.176351e+02, 3.449490e+02, 3.675764e+02, 3.859504e+02, 4.005260e+02, 4.117557e+02, 4.200722e+02, 4.258781e+02, 4.279555e+02, 4.295394e+02, 4.306695e+02, 4.313830e+02, 4.298410e+02, 4.221949e+02, 4.108700e+02, 3.974749e+02, 3.830586e+02, 3.682954e+02, 3.536124e+02, 3.392741e+02, 3.254380e+02, 3.121915e+02, 2.995764e+02, 2.876049e+02, 2.458676e+02, 2.126287e+02, 1.859925e+02, 1.643916e+02, 1.643916e+02
1.247908e-83, 8.717054e-74, 6.441908e-66, 1.743855e-59, 1.334591e-49, 1.007331e-45, 2.296564e-42, 1.980304e-39, 7.669991e-37, 1.525186e-34, 1.730356e-32, 1.218649e-30, 5.704384e-29, 1.876654e-27, 4.544001e-26, 8.415139e-25, 1.231029e-23, 1.442443e-21, 1.206343e-20, 8.699364e-20, 5.490467e-19, 4.273544e-17, 1.112064e-15, 2.673813e-14, 3.274956e-13, 3.687403e-12, 2.674190e-11, 1.794471e-10, 9.201977e-02, 6.392992e-01, 2.469256e+00, 6.635839e+00, 1.404147e+01, 2.518285e+01, 4.010276e+01, 5.847709e+01, 1.032497e+02, 1.282991e+02, 1.542586e+02, 1.805675e+02, 2.067554e+02, 2.281706e+02, 2.487262e+02, 2.869136e+02, 3.208978e+02, 3.505751e+02, 3.760457e+02, 3.975381e+02, 4.153571e+02, 4.298456e+02, 4.413577e+02, 4.461067e+02, 4.502405e+02, 4.537994e+02, 4.568221e+02, 4.651260e+02, 4.648135e+02, 4.587848e+02, 4.490865e+02, 4.371335e+02, 4.238922e+02, 4.100173e+02, 3.959488e+02, 3.819787e+02, 3.682975e+02, 3.550257e+02, 3.422357e+02, 2.963860e+02, 2.587007e+02, 2.278693e+02, 2.024952e+02, 2.024952e+02
9.646536e-95, 1.187485e-83, 8.712222e-75, 1.542533e-67, 2.122541e-56, 4.984606e-52, 3.039215e-48, 6.197772e-45, 5.130278e-42, 2.003835e-39, 4.159156e-37, 5.044820e-35, 3.861784e-33, 1.986810e-31, 7.236307e-30, 1.948367e-28, 4.021668e-27, 8.690907e-25, 9.552356e-24, 8.884157e-23, 7.109861e-22, 1.001761e-19, 3.851288e-18, 1.426473e-16, 2.371918e-15, 3.707560e-14, 3.437958e-13, 2.984355e-12, 2.233397e-02, 2.043675e-01, 9.609893e-01, 2.993174e+00, 7.103815e+00, 1.396555e+01, 2.397462e+01, 3.721777e+01, 7.250632e+01, 9.371295e+01, 1.166214e+02, 1.407220e+02, 1.655416e+02, 1.871558e+02, 2.085013e+02, 2.497185e+02, 2.881773e+02, 3.232782e+02, 3.547275e+02, 3.824525e+02, 4.065339e+02, 4.271541e+02, 4.445562e+02, 4.521358e+02, 4.590152e+02, 4.652302e+02, 4.708164e+02, 4.905053e+02, 4.992599e+02, 5.002439e+02, 4.958384e+02, 4.877813e+02, 4.773205e+02, 4.653446e+02, 4.524828e+02, 4.391784e+02, 4.257416e+02, 4.123878e+02, 3.992640e+02, 3.505691e+02, 3.090194e+02, 2.742067e+02, 2.450751e+02, 2.450751e+02
1.596708e-106, 4.104725e-94, 3.424729e-84, 4.432022e-76, 1.300934e-63, 1.016598e-58, 1.757047e-54, 8.916582e-51, 1.649921e-47, 1.317425e-44, 5.184683e-42, 1.118486e-39, 1.441533e-37, 1.190903e-35, 6.683980e-34, 2.675082e-32, 7.951494e-31, 3.285985e-28, 4.823990e-27, 5.874068e-26, 6.045175e-25, 1.605585e-22, 9.282340e-21, 5.455238e-19, 1.248904e-17, 2.771038e-16, 3.324225e-15, 3.797636e-14, 4.851028e-03, 5.942658e-02, 3.441821e-01, 1.253364e+00, 3.359147e+00, 7.278287e+00, 1.352937e+01, 2.244254e+01, 4.852302e+01, 6.538404e+01, 8.438943e+01, 1.051590e+02, 1.272955e+02, 1.476465e+02, 1.683184e+02, 2.097736e+02, 2.502406e+02, 2.887069e+02, 3.245025e+02, 3.572323e+02, 3.867131e+02, 4.129180e+02, 4.359300e+02, 4.462853e+02, 4.559049e+02, 4.648147e+02, 4.730424e+02, 5.049526e+02, 5.240592e+02, 5.335147e+02, 5.358756e+02, 5.331164e+02, 5.267250e+02, 5.178078e+02, 5.071816e+02, 4.954470e+02, 4.830440e+02, 4.702937e+02, 4.574294e+02, 4.075423e+02, 3.630027e+02, 3.246354e+02, 2.919151e+02, 2.919151e+02
5.667013e-119, 3.605339e-105, 3.918457e-94, 4.142113e-85, 3.077188e-71, 8.557292e-66, 4.443791e-61, 5.905120e-57, 2.554878e-53, 4.340335e-50, 3.356567e-47, 1.329969e-44, 2.971169e-42, 4.047188e-40, 3.585928e-38, 2.181066e-36, 9.528062e-35, 7.807441e-32, 1.555848e-30, 2.518050e-29, 3.379568e-28, 1.762166e-25, 1.559169e-23, 1.498028e-21, 4.787426e-20, 1.542146e-18, 2.420864e-17, 3.703774e-16, 9.442638e-04, 1.574054e-02, 1.136014e-01, 4.879106e-01, 1.486735e+00, 3.569659e+00, 7.217064e+00, 1.283983e+01, 3.098942e+01, 4.363638e+01, 5.853119e+01, 7.545720e+01, 9.414193e+01, 1.121833e+02, 1.310383e+02, 1.703178e+02, 2.104114e+02, 2.500529e+02, 2.882828e+02, 3.244195e+02, 3.580192e+02, 3.888291e+02, 4.167442e+02, 4.296141e+02, 4.417683e+02, 4.532192e+02, 4.639821e+02, 5.081595e+02, 5.383297e+02, 5.573288e+02, 5.676883e+02, 5.714962e+02, 5.704079e+02, 5.657082e+02, 5.583826e+02, 5.491824e+02, 5.386780e+02, 5.273011e+02, 5.153781e+02, 4.662979e+02, 4.199315e+02, 3.786587e+02, 3.426855e+02, 3.426855e+02
4.317914e-132, 8.056216e-117, 1.306509e-104, 1.260699e-94, 2.812351e-79, 2.976519e-73, 4.922532e-68, 1.802368e-63, 1.907123e-59, 7.174159e-56, 1.129903e-52, 8.491724e-50, 3.385423e-47, 7.807353e-45, 1.118750e-42, 1.057262e-40, 6.927723e-39, 1.167109e-35, 3.208555e-34, 7.006630e-33, 1.243755e-31, 1.325876e-28, 1.827383e-26, 2.957954e-24, 1.337629e-22, 6.399856e-21, 1.329405e-19, 2.772461e-18, 1.649155e-04, 3.802290e-03, 3.459569e-02, 1.767819e-01, 6.166260e-01, 1.649558e+00, 3.643487e+00, 6.977967e+00, 1.890991e+01, 2.788992e+01, 3.895768e+01, 5.205257e+01, 6.704002e+01, 8.219309e+01, 9.849756e+01, 1.338121e+02, 1.715185e+02, 2.102896e+02, 2.490081e+02, 2.867894e+02, 3.229729e+02, 3.570972e+02, 3.888678e+02, 4.038159e+02, 4.181238e+02, 4.317875e+02, 4.448071e+02, 5.005053e+02, 5.418107e+02, 5.709444e+02, 5.901941e+02, 6.016112e+02, 6.069204e+02, 6.075236e+02, 6.045386e+02, 5.988470e+02, 5.911401e+02, 5.819573e+02, 5.717187e+02, 5.257300e+02, 4.789701e+02, 4.356632e+02, 3.969476e+02, 3.969476e+02
7.070136e-146, 4.584392e-129, 1.270752e-115, 1.250871e-104, 9.941328e-88, 4.282615e-81, 2.390732e-75, 2.537962e-70, 6.869604e-66, 5.955410e-62, 1.979714e-58, 2.914310e-55, 2.134637e-52, 8.557961e-50, 2.031758e-47, 3.050152e-45, 3.059490e-43, 1.098794e-39, 4.235221e-38, 1.266823e-36, 3.016287e-35, 6.845027e-32, 1.495925e-29, 4.204609e-27, 2.726920e-25, 1.982969e-23, 5.510536e-22, 1.594832e-20, 2.586905e-05, 8.384945e-04, 9.730732e-03, 5.967779e-02, 2.399035e-01, 7.189429e-01, 1.742569e+00, 3.605982e+00, 1.103617e+01, 1.708873e+01, 2.490851e+01, 3.455519e+01, 4.601599e+01, 5.812818e+01, 7.155765e+01, 1.018354e+02, 1.356830e+02, 1.718925e+02, 2.093366e+02, 2.470368e+02, 2.841912e+02, 3.201763e+02, 3.545329e+02, 3.709965e+02, 3.869438e+02, 4.023533e+02, 4.172095e+02, 4.829689e+02, 5.348357e+02, 5.741639e+02, 6.027835e+02, 6.225471e+02, 6.351336e+02, 6.419825e+02, 6.442916e+02, 6.430395e+02, 6.390177e+02, 6.328619e+02, 6.250806e+02, 5.846733e+02, 5.391906e+02, 4.949340e+02, 4.541629e+02, 4.541629e+02
2.489989e-160, 6.649364e-142, 3.608629e-127, 4.049556e-115, 1.360381e-96, 2.551051e-89, 5.095216e-83, 1.650197e-77, 1.195118e-72, 2.485004e-68, 1.807012e-64, 5.380755e-61, 7.454907e-58, 5.335005e-55, 2.149812e-52, 5.241637e-50, 8.214140e-48, 6.520864e-44, 3.581367e-42, 1.489590e-40, 4.824544e-39, 2.426256e-35, 8.560815e-33, 4.306485e-30, 4.059703e-28, 4.592185e-26, 1.725686e-24, 7.057655e-23, 3.647813e-06, 1.689532e-04, 2.530091e-03, 1.878653e-02, 8.763139e-02, 2.957937e-01, 7.902439e-01, 1.773475e+00, 6.165697e+00, 1.004659e+01, 1.531204e+01, 2.209509e+01, 3.047114e+01, 3.971591e+01, 5.028886e+01, 7.513685e+01, 1.042545e+02, 1.366883e+02, 1.714335e+02, 2.075317e+02, 2.441304e+02, 2.805104e+02, 3.160931e+02, 3.334414e+02, 3.504332e+02, 3.670312e+02, 3.832045e+02, 4.569971e+02, 5.182615e+02, 5.673091e+02, 6.053286e+02, 6.338174e+02, 6.542857e+02, 6.681201e+02, 6.765332e+02, 6.805558e+02, 6.810492e+02, 6.787253e+02, 6.741690e+02, 6.419433e+02, 5.996005e+02, 5.556728e+02, 5.137040e+02, 5.137040e+02
1.887622e-175, 2.460130e-155, 2.994253e-139, 4.280831e-126, 7.211899e-106, 6.296091e-98, 4.768870e-91, 4.958236e-85, 1.004958e-79, 5.216141e-75, 8.599018e-71, 5.348722e-67, 1.443111e-63, 1.892907e-60, 1.326326e-57, 5.369711e-55, 1.341719e-52, 2.441236e-48, 1.941598e-46, 1.139969e-44, 5.093514e-43, 5.907228e-39, 3.427502e-36, 3.180533e-33, 4.417055e-31, 7.955453e-29, 4.085948e-27, 2.404956e-25, 4.627530e-07, 3.112975e-05, 6.085911e-04, 5.519139e-03, 3.007620e-02, 1.149696e-01, 3.400652e-01, 8.307406e-01, 3.299990e+00, 5.671592e+00, 9.056933e+00, 1.361826e+01, 1.948077e+01, 2.623617e+01, 3.421405e+01, 5.378847e+01, 7.786648e+01, 1.058213e+02, 1.368663e+02, 1.701623e+02, 2.048951e+02, 2.403242e+02, 2.758096e+02, 2.934031e+02, 3.108199e+02, 3.280105e+02, 3.449313e+02, 4.243489e+02, 4.933610e+02, 5.511591e+02, 5.981586e+02, 6.353655e+02, 6.640038e+02, 6.853129e+02, 7.004479e+02, 7.104377e+02, 7.161748e+02, 7.184199e+02, 7.178148e+02, 6.963778e+02, 6.591727e+02, 6.170185e+02, 5.748690e+02, 5.748690e+02
3.082271e-191, 2.323302e-169, 7.264238e-152, 1.478648e-137, 1.482184e-115, 6.442505e-107, 1.961462e-99, 6.888893e-93, 4.087267e-87, 5.511480e-82, 2.134794e-77, 2.864485e-73, 1.549482e-69, 3.825107e-66, 4.774320e-63, 3.281434e-60, 1.334251e-57, 5.769265e-53, 6.753020e-51, 5.681794e-49, 3.551784e-47, 9.882280e-43, 9.606995e-40, 1.694739e-36, 3.514620e-34, 1.031744e-31, 7.319430e-30, 6.315466e-28, 5.284707e-08, 5.248292e-06, 1.355202e-04, 1.514178e-03, 9.705468e-03, 4.224416e-02, 1.389580e-01, 3.708810e-01, 1.693167e+00, 3.076518e+00, 5.158008e+00, 8.096197e+00, 1.203236e+01, 1.676813e+01, 2.254988e+01, 3.738503e+01, 5.656959e+01, 7.981268e+01, 1.065953e+02, 1.362663e+02, 1.681240e+02, 2.014769e+02, 2.356837e+02, 2.529269e+02, 2.701773e+02, 2.873772e+02, 3.044742e+02, 3.869355e+02, 4.616983e+02, 5.268633e+02, 5.820052e+02, 6.275390e+02, 6.643007e+02, 6.932925e+02, 7.155380e+02, 7.320059e+02, 7.435748e+02, 7.510207e+02, 7.550176e+02, 7.468753e+02, 7.168763e+02, 6.780700e+02, 6.368976e+02, 6.368976e+02
1.084726e-207, 5.603747e-184, 5.155871e-165, 1.669831e-149, 1.181607e-125, 2.734801e-116, 3.547404e-108, 4.428512e-101, 8.044919e-95, 2.933184e-89, 2.766544e-84, 8.269660e-80, 9.233317e-76, 4.404871e-72, 1.003320e-68, 1.196906e-65, 8.082489e-63, 8.611767e-58, 1.507717e-55, 1.845435e-53, 1.636812e-51, 1.136210e-46, 1.886253e-43, 6.518083e-40, 2.046379e-37, 1.002314e-34, 9.925908e-33, 1.278957e-30, 5.436291e-09, 8.101187e-07, 2.795290e-05, 3.881673e-04, 2.946425e-03, 1.468234e-02, 5.394858e-02, 1.579020e-01, 8.332954e-01, 1.604490e+00, 2.830028e+00, 4.645463e+00, 7.184193e+00, 1.037462e+01, 1.440610e+01, 2.524258e+01, 3.999884e+01, 5.867907e+01, 8.103551e+01, 1.066388e+02, 1.349497e+02, 1.653815e+02, 1.973472e+02, 2.137303e+02, 2.302929e+02, 2.469743e+02, 2.637177e+02, 3.466688e+02, 4.249956e+02, 4.958356e+02, 5.579277e+02, 6.110414e+02, 6.555488e+02, 6.921376e+02, 7.216305e+02, 7.448771e+02, 7.626944e+02, 7.758359e+02, 7.849788e+02, 7.924310e+02, 7.717065e+02, 7.379100e+02, 6.989890e+02, 6.989890e+02
8.231683e-225, 3.453840e-199, 1.071150e-178, 6.168465e-162, 3.655848e-136, 4.818472e-126, 2.822499e-117, 1.317886e-109, 7.667244e-103, 7.866616e-97, 1.872489e-91, 1.287654e-86, 3.055197e-82, 2.892168e-78, 1.231572e-74, 2.607151e-71, 2.984078e-68, 8.123644e-63, 2.161975e-60, 3.908039e-58, 4.987689e-56, 8.979783e-51, 2.595617e-47, 1.810062e-43, 8.723317e-41, 7.297489e-38, 1.019524e-35, 1.998551e-33, 5.039878e-10, 1.145495e-07, 5.343423e-06, 9.302991e-05, 8.419483e-04, 4.829414e-03, 1.991028e-02, 6.414316e-02, 3.935824e-01, 8.049397e-01, 1.496694e+00, 2.573897e+00, 4.148713e+00, 6.217118e+00, 8.925578e+00, 1.656620e+01, 2.754033e+01, 4.207582e+01, 6.016365e+01, 8.159597e+01, 1.060189e+02, 1.329868e+02, 1.620090e+02, 1.771345e+02, 1.925881e+02, 2.083107e+02, 2.242460e+02, 3.053356e+02, 3.850072e+02, 4.596443e+02, 5.272240e+02, 5.868659e+02, 6.384355e+02, 6.822482e+02, 7.188661e+02, 7.489654e+02, 7.732542e+02, 7.924245e+02, 8.071246e+02, 8.321670e+02, 8.227134e+02, 7.956286e+02, 7.603204e+02, 7.603204e+02
1.347650e-242, 5.442234e-215, 6.516807e-193, 7.457258e-175, 4.391855e-147, 3.525382e-136, 9.884384e-127, 1.816395e-118, 3.539862e-111, 1.063689e-104, 6.622191e-99, 1.081886e-93, 5.616052e-89, 1.083216e-84, 8.834313e-81, 3.392987e-77, 6.717889e-74, 4.845033e-68, 1.992007e-65, 5.398412e-63, 1.005424e-60, 4.879121e-55, 2.504434e-51, 3.630194e-47, 2.723738e-44, 3.983384e-41, 7.935222e-39, 2.411019e-36, 4.212826e-11, 1.484404e-08, 9.470708e-07, 2.085396e-05, 2.265619e-04, 1.504057e-03, 6.988374e-03, 2.487271e-02, 1.784886e-01, 3.886323e-01, 7.633243e-01, 1.377742e+00, 2.318235e+00, 3.610234e+00, 5.365554e+00, 1.057221e+01, 1.847348e+01, 2.943882e+01, 4.364302e+01, 6.107307e+01, 8.155768e+01, 1.048069e+02, 1.304531e+02, 1.440479e+02, 1.580868e+02, 1.725172e+02, 1.872868e+02, 2.645008e+02, 3.434094e+02, 4.199048e+02, 4.913364e+02, 5.562191e+02, 6.139050e+02, 6.643038e+02, 7.076728e+02, 7.444685e+02, 7.752475e+02, 8.006015e+02, 8.211178e+02, 8.653576e+02, 8.690283e+02, 8.503464e+02, 8.200662e+02, 8.200662e+02
4.761724e-261, 2.193222e-231, 1.161543e-207, 2.951600e-188, 2.049422e-158, 1.071508e-146, 1.524183e-136, 1.159936e-127, 7.920302e-120, 7.254351e-113, 1.224232e-106, 4.906974e-101, 5.737366e-96, 2.315191e-91, 3.704737e-87, 2.639289e-83, 9.225548e-80, 1.827716e-73, 1.179829e-70, 4.866303e-68, 1.341303e-65, 1.822813e-59, 1.695064e-55, 5.259071e-51, 6.231836e-48, 1.630704e-44, 4.682030e-42, 2.246433e-39, 3.176449e-12, 1.763617e-09, 1.557021e-07, 4.374167e-06, 5.743527e-05, 4.436946e-04, 2.333754e-03, 9.210532e-03, 7.775028e-02, 1.806518e-01, 3.755762e-01, 7.127516e-01, 1.253975e+00, 2.032310e+00, 3.130834e+00, 6.563577e+00, 1.207717e+01, 2.010600e+01, 3.094540e+01, 4.473393e+01, 6.146033e+01, 8.098615e+01, 1.030756e+02, 1.149889e+02, 1.274262e+02, 1.403437e+02, 1.536970e+02, 2.254458e+02, 3.017123e+02, 3.781843e+02, 4.517604e+02, 5.204400e+02, 5.830911e+02, 6.392111e+02, 6.887271e+02, 7.318419e+02, 7.689242e+02, 8.004315e+02, 8.268590e+02, 8.914475e+02, 9.098862e+02, 9.012366e+02, 8.774171e+02, 8.774171e+02
3.632543e-280, 2.261408e-248, 6.067526e-223, 3.826243e-202, 3.716196e-170, 1.353433e-157, 1.035276e-146, 3.433277e-137, 8.591437e-129, 2.496317e-121, 1.183492e-114, 1.201866e-108, 3.258696e-103, 2.824874e-98, 9.086026e-94, 1.227555e-89, 7.731227e-86, 4.362615e-79, 4.493614e-76, 2.863641e-73, 1.184657e-70, 4.682970e-64, 8.050640e-60, 5.504176e-55, 1.045187e-51, 5.007811e-48, 2.094995e-45, 1.617130e-42, 2.161153e-13, 1.921808e-10, 2.375286e-08, 8.588228e-07, 1.372212e-05, 1.240263e-04, 7.417790e-04, 3.258333e-03, 3.254398e-02, 8.087871e-02, 1.783447e-01, 3.565023e-01, 6.568528e-01, 1.109464e+00, 1.773915e+00, 3.965594e+00, 7.698010e+00, 1.340937e+01, 2.145549e+01, 3.207679e+01, 4.538726e+01, 6.138055e+01, 7.994720e+01, 9.013859e+01, 1.008970e+02, 1.121898e+02, 1.239823e+02, 1.891400e+02, 2.611991e+02, 3.359233e+02, 4.099615e+02, 4.809206e+02, 5.472464e+02, 6.080446e+02, 6.629066e+02, 7.117621e+02, 7.547656e+02, 7.922123e+02, 8.244774e+02, 9.100625e+02, 9.446443e+02, 9.475440e+02, 9.315976e+02, 9.315976e+02
5.984957e-300, 5.967745e-266, 9.291983e-239, 1.625057e-216, 2.619354e-182, 7.106818e-169, 3.098503e-157, 4.711721e-147, 4.519629e-138, 4.335731e-130, 5.984818e-123, 1.590202e-116, 1.029364e-110, 1.968321e-105, 1.303667e-100, 3.414980e-96, 3.954995e-92, 6.591069e-85, 1.100944e-81, 1.100445e-78, 6.929325e-76, 8.274359e-69, 2.684025e-64, 4.162253e-59, 1.285416e-55, 1.153859e-51, 7.111313e-49, 8.996592e-46, 1.327237e-14, 1.921380e-11, 3.363496e-09, 1.578910e-07, 3.090710e-06, 3.286229e-05, 2.244805e-04, 1.101538e-03, 1.309365e-02, 3.488659e-02, 8.175975e-02, 1.724584e-01, 3.333029e-01, 5.875559e-01, 9.762867e-01, 2.332453e+00, 4.785563e+00, 8.736009e+00, 1.455077e+01, 2.252452e+01, 3.285686e+01, 4.564512e+01, 6.088935e+01, 6.940896e+01, 7.850525e+01, 8.815727e+01, 9.834097e+01, 1.562410e+02, 2.228910e+02, 2.943778e+02, 3.673059e+02, 4.390341e+02, 5.076740e+02, 5.719846e+02, 6.312367e+02, 6.850831e+02, 7.334497e+02, 7.764488e+02, 8.143136e+02, 9.210138e+02, 9.727961e+02, 9.886028e+02, 9.818835e+02, 9.818835e+02
0.000000e+00, 0.000000e+00, 6.901540e-279, 5.518331e-253, 3.802423e-213, 1.681481e-197, 6.058513e-184, 4.384717e-172, 1.270733e-161, 2.521958e-152, 5.235442e-144, 1.595361e-136, 9.388038e-130, 1.335228e-123, 5.524610e-118, 7.760543e-113, 4.213756e-108, 1.094972e-99, 6.234012e-96, 1.951633e-92, 3.566916e-89, 7.048837e-81, 1.141794e-75, 1.420412e-69, 1.498802e-65, 6.659833e-61, 1.088972e-57, 4.861951e-54, 1.081565e-17, 5.389317e-14, 2.281137e-11, 2.076337e-09, 6.802557e-08, 1.092070e-06, 1.045046e-05, 6.791415e-05, 1.255282e-03, 3.990499e-03, 1.091466e-02, 2.638534e-02, 5.756342e-02, 1.130956e-01, 2.071830e-01, 5.858572e-01, 1.383292e+00, 2.843877e+00, 5.244774e+00, 8.868302e+00, 1.397533e+01, 2.078423e+01, 2.945748e+01, 3.452711e+01, 4.009567e+01, 4.616615e+01, 5.273797e+01, 9.287920e+01, 1.438811e+02, 2.032812e+02, 2.683001e+02, 3.363086e+02, 4.050623e+02, 4.727798e+02, 5.381300e+02, 6.001776e+02, 6.583134e+02, 7.121852e+02, 7.616367e+02, 9.163537e+02, 1.011558e+03, 1.062600e+03, 1.082908e+03, 1.082908e+03
0.000000e+00, 0.000000e+00, 0.000000e+00, 3.045094e-292, 2.401287e-246, 2.548219e-228, 1.061005e-212, 4.900599e-199, 5.558663e-187, 2.872805e-176, 1.101940e-166, 4.634856e-158, 2.931946e-150, 3.612241e-143, 1.073072e-136, 9.182976e-131, 2.628716e-125, 1.312208e-115, 2.794922e-111, 2.988720e-107, 1.719093e-103, 6.970659e-94, 6.359209e-88, 7.468497e-81, 2.942163e-76, 7.363069e-71, 3.413852e-67, 5.975935e-63, 4.911410e-21, 9.252819e-17, 1.012637e-13, 1.879411e-11, 1.071661e-09, 2.680185e-08, 3.686155e-07, 3.240918e-06, 9.632302e-05, 3.702785e-04, 1.195941e-03, 3.347856e-03, 8.321025e-03, 1.837137e-02, 3.738083e-02, 1.267210e-01, 3.480210e-01, 8.130917e-01, 1.673242e+00, 3.111206e+00, 5.327819e+00, 8.526557e+00, 1.289877e+01, 1.557836e+01, 1.861157e+01, 2.201412e+01, 2.579933e+01, 5.076165e+01, 8.592645e+01, 1.305344e+02, 1.830217e+02, 2.414541e+02, 3.038504e+02, 3.683828e+02, 4.334783e+02, 4.978526e+02, 5.605043e+02, 6.206865e+02, 6.778710e+02, 8.716491e+02, 1.009015e+03, 1.098367e+03, 1.150807e+03, 1.150807e+03
0.000000e+00, 0.000000e+00, 0.000000e+00, 0.000000e+00, 6.615718e-282, 2.480513e-261, 1.668931e-243, 6.596812e-228, 3.793874e-214, 6.426859e-202, 5.596236e-191, 3.910349e-181, 3.144445e-172, 3.908327e-164, 9.580323e-157, 5.674057e-150, 9.629422e-144, 1.137591e-132, 9.949530e-128, 3.963336e-123, 7.779317e-119, 8.017738e-108, 4.650119e-101, 6.057492e-93, 9.750837e-88, 1.560787e-81, 2.197174e-77, 1.672776e-72, 1.246350e-24, 9.751372e-20, 2.950730e-16, 1.174250e-13, 1.211840e-11, 4.871603e-10, 9.879246e-09, 1.200478e-07, 5.932781e-06, 2.795075e-05, 1.078623e-04, 3.532871e-04, 1.009627e-03, 2.525618e-03, 5.750331e-03, 2.367085e-02, 7.642559e-02, 2.047531e-01, 4.738198e-01, 9.753300e-01, 1.825659e+00, 3.160418e+00, 5.126616e+00, 6.393389e+00, 7.873838e+00, 9.585661e+00, 1.154571e+01, 2.557867e+01, 4.760942e+01, 7.816631e+01, 1.169242e+02, 1.629369e+02, 2.148968e+02, 2.713544e+02, 3.308749e+02, 3.921368e+02, 4.539838e+02, 5.154448e+02, 5.757320e+02, 7.949374e+02, 9.682175e+02, 1.094929e+03, 1.181744e+03, 1.181744e+03
0.000000e+00, 0.000000e+00, 0.000000e+00, 0.000000e+00, 0.000000e+00, 1.554569e-296, 2.363370e-276, 1.072012e-258, 4.049439e-243, 2.830212e-229, 6.873390e-217, 9.602845e-206, 1.160758e-195, 1.695122e-186, 3.940562e-178, 1.834955e-170, 2.076069e-163, 7.150821e-151, 2.818831e-145, 4.561711e-140, 3.313005e-135, 1.074650e-122, 4.474794e-115, 7.588099e-106, 5.468555e-100, 6.348391e-93, 2.909904e-88, 1.067248e-82, 1.771564e-28, 6.322823e-23, 5.656932e-19, 5.075943e-16, 9.859125e-14, 6.573163e-12, 2.016456e-10, 3.459561e-09, 2.939871e-07, 1.720381e-06, 8.025866e-06, 3.107764e-05, 1.030628e-04, 2.945281e-04, 7.559418e-04, 3.827283e-03, 1.468306e-02, 4.551828e-02, 1.193693e-01, 2.738492e-01, 5.636053e-01, 1.060838e+00, 1.853726e+00, 2.392164e+00, 3.043058e+00, 3.820222e+00, 4.737648e+00, 1.191098e+01, 2.453038e+01, 4.375054e+01, 7.011786e+01, 1.035845e+02, 1.436266e+02, 1.893974e+02, 2.398718e+02, 2.939629e+02, 3.506060e+02, 4.088131e+02, 4.677032e+02, 6.966896e+02, 8.958177e+02, 1.055087e+03, 1.175323e+03, 1.175323e+03
0.000000e+00, 0.000000e+00, 0.000000e+00, 0.000000e+00, 0.000000e+00, 0.000000e+00, 0.000000e+00, 2.107045e-291, 6.772269e-274, 2.458070e-258, 2.045551e-244, 6.877284e-232, 1.477668e-220, 2.952803e-210, 7.481526e-201, 3.111762e-192, 2.639341e-184, 3.265424e-170, 6.367904e-164, 4.565761e-158, 1.330357e-152, 1.681367e-138, 5.677504e-130, 1.469972e-119, 5.199790e-113, 4.958739e-105, 7.945380e-100, 1.552950e-93, 1.413135e-32, 2.527185e-26, 7.148833e-22, 1.520957e-18, 5.781805e-16, 6.596283e-14, 3.140474e-12, 7.771335e-11, 1.174267e-08, 8.650656e-08, 4.936325e-07, 2.283256e-06, 8.868008e-06, 2.919078e-05, 8.508685e-05, 5.366678e-04, 2.472666e-03, 8.950204e-03, 2.680548e-02, 6.899782e-02, 1.570517e-01, 3.230829e-01, 6.109691e-01, 8.175764e-01, 1.076419e+00, 1.396136e+00, 1.785918e+00, 5.135362e+00, 1.177573e+01, 2.293208e+01, 3.954598e+01, 6.215665e+01, 9.088692e+01, 1.254983e+02, 1.654780e+02, 2.101322e+02, 2.586682e+02, 3.102611e+02, 3.641027e+02, 5.878789e+02, 8.006904e+02, 9.846466e+02, 1.134308e+03, 1.134308e+03
0.000000e+00, 0.000000e+00, 0.000000e+00, 0.000000e+00, 0.000000e+00, 0.000000e+00, 0.000000e+00, 0.000000e+00, 1.777428e-306, 4.217117e-289, 1.477423e-273, 1.438658e-259, 6.497408e-247, 2.069103e-235, 6.567002e-225, 2.771577e-215, 1.981766e-206, 1.084995e-190, 1.148882e-183, 3.980226e-177, 5.045112e-171, 3.075352e-155, 9.512783e-146, 4.409229e-134, 8.395993e-127, 7.444553e-118, 4.479841e-112, 5.156570e-105, 6.335931e-37, 6.236402e-30, 5.964614e-25, 3.164112e-21, 2.447997e-18, 4.931021e-16, 3.737952e-14, 1.362914e-12, 3.786734e-10, 3.559237e-09, 2.513595e-08, 1.403259e-07, 6.442049e-07, 2.462718e-06, 8.213069e-06, 6.536558e-05, 3.655747e-04, 1.559056e-03, 5.373989e-03, 1.562477e-02, 3.956515e-02, 8.941901e-02, 1.838411e-01, 2.556427e-01, 3.490521e-01, 4.686298e-01, 6.194516e-01, 2.053239e+00, 5.275144e+00, 1.127431e+01, 2.100950e+01, 3.526049e+01, 5.454059e+01, 7.907116e+01, 1.088022e+02, 1.434591e+02, 1.826003e+02, 2.256732e+02, 2.720642e+02, 4.783755e+02, 6.924655e+02, 8.913604e+02, 1.063982e+03, 1.063982e+03
0.000000e+00, 0.000000e+00, 0.000000e+00, 0.000000e+00, 0.000000e+00, 0.000000e+00, 0.000000e+00, 0.000000e+00, 0.000000e+00, 0.000000e+00, 2.593208e-304, 8.802462e-289, 9.881300e-275, 5.840183e-262, 2.668526e-250, 1.298284e-239, 8.800244e-230, 2.626653e-212, 1.657633e-204, 3.026173e-197, 1.809306e-190, 6.584653e-173, 2.107686e-162, 2.050222e-149, 2.305227e-141, 2.150049e-131, 5.222817e-125, 3.909585e-117, 1.598894e-41, 9.514464e-34, 3.290067e-28, 4.576183e-24, 7.493123e-21, 2.749598e-18, 3.404759e-16, 1.868621e-14, 9.871969e-12, 1.199859e-10, 1.061082e-09, 7.224036e-09, 3.956197e-08, 1.770990e-07, 6.807687e-07, 6.924738e-06, 4.751497e-05, 2.409100e-04, 9.631506e-04, 3.184405e-03, 9.023345e-03, 2.252054e-02, 5.057052e-02, 7.322988e-02, 1.039008e-01, 1.446696e-01, 1.979622e-01, 7.623151e-01, 2.208134e+00, 5.206014e+00, 1.052812e+01, 1.893560e+01, 3.107938e+01, 4.743485e+01, 6.827363e+01, 9.366584e+01, 1.235029e+02, 1.575307e+02, 1.953867e+02, 3.758933e+02, 5.802330e+02, 7.837707e+02, 9.712927e+02, 9.712927e+02
0.000000e+00, 0.000000e+00, 0.000000e+00, 0.000000e+00, 0.000000e+00, 0.000000e+00, 0.000000e+00, 0.000000e+00, 0.000000e+00, 0.000000e+00, 0.000000e+00, 0.000000e+00, 5.203492e-304, 6.647579e-290, 5.025731e-277, 3.202070e-265, 2.313761e-254, 4.638316e-235, 1.914833e-226, 2.008941e-218, 6.143099e-211, 1.652221e-191, 6.182270e-180, 1.479392e-165, 1.077473e-156, 1.195577e-145, 1.260483e-138, 6.772266e-130, 2.273562e-46, 8.984278e-38, 1.201151e-31, 4.606457e-27, 1.660026e-23, 1.144964e-20, 2.376012e-18, 2.005164e-16, 2.082953e-13, 3.317913e-12, 3.717578e-11, 3.118718e-10, 2.056284e-09, 1.086789e-08, 4.851099e-08, 6.387983e-07, 5.435307e-06, 3.306034e-05, 1.544939e-04, 5.847562e-04, 1.865101e-03, 5.167212e-03, 1.273149e-02, 1.923927e-02, 2.842253e-02, 4.112113e-02, 5.835553e-02, 2.631188e-01, 8.646830e-01, 2.260397e+00, 4.982000e+00, 9.637298e+00, 1.683660e+01, 2.712510e+01, 4.093381e+01, 5.855277e+01, 8.012444e+01, 1.056520e+02, 1.350175e+02, 2.855421e+02, 4.715989e+02, 6.701669e+02, 8.639199e+02, 8.639199e+02
0.000000e+00, 0.000000e+00, 0.000000e+00, 0.000000e+00, 0.000000e+00, 0.000000e+00, 0.000000e+00, 0.000000e+00, 0.000000e+00, 0.000000e+00, 0.000000e+00, 0.000000e+00, 0.000000e+00, 0.000000e+00, 4.391128e-305, 4.162322e-292, 3.605364e-280, 5.980345e-259, 1.772673e-249, 1.165610e-240, 1.976619e-232, 4.863222e-211, 2.403030e-198, 1.658132e-182, 8.581734e-173, 1.281108e-160, 6.303536e-153, 2.681917e-143, 1.823463e-51, 5.256006e-42, 2.905271e-35, 3.230488e-30, 2.664354e-26, 3.563936e-23, 1.271586e-20, 1.685696e-18, 3.560550e-15, 7.533309e-14, 1.082066e-12, 1.130191e-11, 9.054510e-11, 5.696751e-10, 2.974763e-09, 5.136361e-08, 5.477496e-07, 4.033150e-06, 2.220105e-05, 9.684531e-05, 3.497378e-04, 1.081154e-03, 2.936389e-03, 4.640442e-03, 7.152323e-03, 1.077255e-02, 1.588296e-02, 8.451164e-02, 3.170690e-01, 9.237478e-01, 2.228429e+00, 4.653097e+00, 8.679432e+00, 1.480011e+01, 2.347201e+01, 3.507938e+01, 4.991036e+01, 6.814650e+01, 8.986320e+01, 2.098994e+02, 3.721642e+02, 5.577766e+02, 7.494275e+02, 7.494275e+02
0.000000e+00, 0.000000e+00, 0.000000e+00, 0.000000e+00, 0.000000e+00, 0.000000e+00, 0.000000e+00, 0.000000e+00, 0.000000e+00, 0.000000e+00, 0.000000e+00, 0.000000e+00, 0.000000e+00, 0.000000e+00, 0.000000e+00, 0.000000e+00, 3.332383e-307, 5.634669e-284, 1.316284e-273, 5.915893e-264, 6.032344e-255, 1.680616e-231, 1.238818e-217, 2.889142e-200, 1.165703e-189, 2.647313e-176, 6.537542e-168, 2.429615e-157, 8.255771e-57, 1.906646e-46, 4.659496e-39, 1.579698e-33, 3.100715e-29, 8.299481e-26, 5.223300e-23, 1.111161e-20, 4.934966e-17, 1.405596e-15, 2.618772e-14, 3.440919e-13, 3.380578e-12, 2.552877e-11, 1.571101e-10, 3.602850e-09, 4.867120e-08, 4.377577e-07, 2.860540e-06, 1.447795e-05, 5.954642e-05, 2.064618e-04, 6.209658e-04, 1.028415e-03, 1.657065e-03, 2.603189e-03, 3.994830e-03, 2.528111e-02, 1.089642e-01, 3.556141e-01, 9.429837e-01, 2.133080e+00, 4.261382e+00, 7.711620e+00, 1.288323e+01, 2.015868e+01, 2.987594e+01, 4.230872e+01, 5.765513e+01, 1.494359e+02, 2.854008e+02, 4.522605e+02, 6.345798e+02, 6.345798e+02
0.000000e+00, 0.000000e+00, 0.000000e+00, 0.000000e+00, 0.000000e+00, 0.000000e+00, 0.000000e+00, 0.000000e+00, 0.000000e+00, 0.000000e+00, 0.000000e+00, 0.000000e+00, 0.000000e+00, 0.000000e+00, 0.000000e+00, 0.000000e+00, 0.000000e+00, 0.000000e+00, 7.845384e-299, 2.628381e-288, 1.747420e-278, 6.823725e-253, 8.476434e-238, 7.831596e-219, 2.702496e-207, 1.055694e-192, 1.407174e-183, 5.038173e-172, 2.111587e-62, 4.291860e-51, 4.958778e-43, 5.390200e-37, 2.618452e-32, 1.447022e-28, 1.648036e-25, 5.747295e-23, 5.550098e-19, 2.156796e-17, 5.273657e-16, 8.807731e-15, 1.070979e-13, 9.787526e-13, 7.151791e-12, 2.206256e-10, 3.816050e-09, 4.230536e-08, 3.307159e-07, 1.955150e-06, 9.212161e-06, 3.601086e-05, 1.204929e-04, 2.095729e-04, 3.537202e-04, 5.806922e-04, 9.291858e-04, 7.048730e-03, 3.512099e-02, 1.290570e-01, 3.777806e-01, 9.291171e-01, 1.994123e+00, 3.840020e+00, 6.773696e+00, 1.111983e+01, 1.719799e+01, 2.530210e+01, 3.568439e+01, 1.031149e+02, 2.128408e+02, 3.575099e+02, 5.248838e+02, 5.248838e+02
0.000000e+00, 0.000000e+00, 0.000000e+00, 0.000000e+00, 0.000000e+00, 0.000000e+00, 0.000000e+00, 0.000000e+00, 0.000000e+00, 0.000000e+00, 0.000000e+00, 0.000000e+00, 0.000000e+00, 0.000000e+00, 0.000000e+00, 0.000000e+00, 0.000000e+00, 0.000000e+00, 0.000000e+00, 0.000000e+00, 4.807698e-303, 3.257342e-275, 7.702939e-259, 3.304782e-238, 1.070008e-225, 8.129362e-210, 6.290200e-200, 2.392762e-187, 3.053032e-68, 5.998778e-56, 3.504080e-47, 1.284224e-40, 1.605537e-35, 1.890090e-31, 3.996603e-28, 2.334095e-25, 5.068120e-21, 2.723402e-19, 8.842527e-18, 1.896710e-16, 2.880815e-15, 3.212453e-14, 2.807793e-13, 1.180224e-11, 2.641729e-10, 3.642583e-09, 3.433009e-08, 2.386592e-07, 1.295808e-06, 5.740485e-06, 2.146720e-05, 3.929528e-05, 6.961271e-05, 1.196520e-04, 1.999974e-04, 1.832908e-03, 1.062387e-02, 4.418156e-02, 1.433789e-01, 3.847797e-01, 8.899711e-01, 1.828558e+00, 3.413763e+00, 5.891697e+00, 9.526633e+00, 1.458492e+01, 2.131980e+01, 6.900667e+01, 1.544591e+02, 2.757012e+02, 4.243662e+02, 4.243662e+02
0.000000e+00, 0.000000e+00, 0.000000e+00, 0.000000e+00, 0.000000e+00, 0.000000e+00, 0.000000e+00, 0.000000e+00, 0.000000e+00, 0.000000e+00, 0.000000e+00, 0.000000e+00, 0.000000e+00, 0.000000e+00, 0.000000e+00, 0.000000e+00, 0.000000e+00, 0.000000e+00, 0.000000e+00, 0.000000e+00, 0.000000e+00, 1.829116e-298, 9.302175e-281, 2.172166e-258, 7.239362e-245, 1.209492e-227, 5.842673e-217, 2.604026e-203, 2.496729e-74, 5.209169e-61, 1.645068e-51, 2.137612e-44, 7.152135e-39, 1.850631e-34, 7.453574e-31, 7.447130e-28, 3.759841e-23, 2.831492e-21, 1.235203e-19, 3.438205e-18, 6.583259e-17, 9.031672e-16, 9.512655e-15, 5.518478e-13, 1.615628e-11, 2.795908e-10, 3.201505e-09, 2.634801e-08, 1.658209e-07, 8.368198e-07, 3.513631e-06, 6.783140e-06, 1.263782e-05, 2.278631e-05, 3.985756e-05, 4.447669e-04, 3.017721e-03, 1.427593e-02, 5.158081e-02, 1.515930e-01, 3.790262e-01, 8.331405e-01, 1.650040e+00, 3.000097e+00, 5.081049e+00, 8.108103e+00, 1.230267e+01, 4.481367e+01, 1.091386e+02, 2.075330e+02, 3.355566e+02, 3.355566e+02
0.000000e+00, 0.000000e+00, 0.000000e+00, 0.000000e+00, 0.000000e+00, 0.000000e+00, 0.000000e+00, 0.000000e+00, 0.000000e+00, 0.000000e+00, 0.000000e+00, 0.000000e+00, 0.000000e+00, 0.000000e+00, 0.000000e+00, 0.000000e+00, 0.000000e+00, 0.000000e+00, 0.000000e+00, 0.000000e+00, 0.000000e+00, 0.000000e+00, 1.493537e-303, 2.224946e-279, 8.373828e-265, 3.478520e-246, 1.128256e-234, 6.497096e-220, 1.155440e-80, 2.811779e-66, 5.133607e-56, 2.487066e-48, 2.315845e-42, 1.358958e-37, 1.069562e-33, 1.867641e-30, 2.267186e-25, 2.425147e-23, 1.438188e-21, 5.248982e-20, 1.278722e-18, 2.176133e-17, 2.782551e-16, 2.256516e-14, 8.733573e-13, 1.914053e-11, 2.683561e-10, 2.632132e-09, 1.931419e-08, 1.116097e-07, 5.285940e-07, 1.078511e-06, 2.117529e-06, 4.012612e-06, 7.358340e-06, 1.007638e-04, 8.053300e-04, 4.356025e-03, 1.759813e-02, 5.684467e-02, 1.541169e-01, 3.633962e-01, 7.652928e-01, 1.468932e+00, 2.610586e+00, 4.349310e+00, 6.860332e+00, 2.825519e+01, 7.512203e+01, 1.525641e+02, 2.596310e+02, 2.596310e+02
0.000000e+00, 0.000000e+00, 0.000000e+00, 0.000000e+00, 0.000000e+00, 0.000000e+00, 0.000000e+00, 0.000000e+00, 0.000000e+00, 0.000000e+00, 0.000000e+00, 0.000000e+00, 0.000000e+00, 0.000000e+00, 0.000000e+00, 0.000000e+00, 0.000000e+00, 0.000000e+00, 0.000000e+00, 0.000000e+00, 0.000000e+00, 0.000000e+00, 0.000000e+00, 3.553176e-301, 1.656733e-285, 1.934751e-265, 4.531555e-253, 3.718012e-237, 3.027292e-87, 9.438329e-72, 1.065331e-60, 2.023534e-52, 5.453003e-46, 7.487465e-41, 1.181435e-36, 3.683207e-33, 1.111716e-27, 1.711886e-25, 1.396379e-23, 6.751888e-22, 2.112104e-20, 4.495555e-19, 7.030457e-18, 8.072655e-16, 4.174788e-14, 1.169223e-12, 2.022744e-11, 2.380412e-10, 2.048549e-09, 1.362553e-08, 7.312536e-08, 1.580216e-07, 3.276079e-07, 6.536923e-07, 1.259002e-06, 2.132317e-05, 2.020047e-04, 1.255720e-03, 5.696591e-03, 2.029731e-02, 5.985681e-02, 1.518062e-01, 3.407431e-01, 6.918844e-01, 1.292670e+00, 2.252173e+00, 3.698411e+00, 1.730409e+01, 5.039357e+01, 1.095792e+02, 1.966562e+02, 1.966562e+02
0.000000e+00, 0.000000e+00, 0.000000e+00, 0.000000e+00, 0.000000e+00, 0.000000e+00, 0.000000e+00, 0.000000e+00, 0.000000e+00, 0.000000e+00, 0.000000e+00, 0.000000e+00, 0.000000e+00, 0.000000e+00, 0.000000e+00, 0.000000e+00, 0.000000e+00, 0.000000e+00, 0.000000e+00, 0.000000e+00, 0.000000e+00, 0.000000e+00, 0.000000e+00, 0.000000e+00, 5.608671e-307, 2.081939e-285, 3.787078e-272, 4.881926e-255, 4.492265e-94, 1.970989e-77, 1.470767e-65, 1.151787e-56, 9.340893e-50, 3.096565e-44, 1.004961e-39, 5.714270e-36, 4.434696e-30, 9.963195e-28, 1.131031e-25, 7.320755e-24, 2.967783e-22, 7.965904e-21, 1.534959e-19, 2.527707e-17, 1.765397e-15, 6.375674e-14, 1.371565e-12, 1.949641e-11, 1.979351e-10, 1.523208e-09, 9.306086e-09, 2.134421e-08, 4.681887e-08, 9.855677e-08, 1.997209e-07, 4.216454e-06, 4.764481e-05, 3.421259e-04, 1.750278e-03, 6.903970e-03, 2.221430e-02, 6.076024e-02, 1.457023e-01, 3.136208e-01, 6.171294e-01, 1.126256e+00, 1.928337e+00, 1.029758e+01, 3.295910e+01, 7.692873e+01, 1.458789e+02, 1.458789e+02
0.000000e+00, 0.000000e+00, 0.000000e+00, 0.000000e+00, 0.000000e+00, 0.000000e+00, 0.000000e+00, 0.000000e+00, 0.000000e+00, 0.000000e+00, 0.000000e+00, 0.000000e+00, 0.000000e+00, 0.000000e+00, 0.000000e+00, 0.000000e+00, 0.000000e+00, 0.000000e+00, 0.000000e+00, 0.000000e+00, 0.000000e+00, 0.000000e+00, 0.000000e+00, 0.000000e+00, 0.000000e+00, 4.335901e-306, 6.587712e-292, 1.471347e-273, 3.776908e-101, 2.561556e-83, 1.351312e-70, 4.588050e-61, 1.164456e-53, 9.616079e-48, 6.585375e-43, 6.976749e-39, 1.439635e-32, 4.782618e-30, 7.645136e-28, 6.693031e-26, 3.548807e-24, 1.211146e-22, 2.896934e-21, 6.929872e-19, 6.606501e-17, 3.104535e-15, 8.369390e-14, 1.446676e-12, 1.742854e-11, 1.559825e-10, 1.089871e-09, 2.658709e-09, 6.182794e-09, 1.375695e-08, 2.938512e-08, 7.793761e-07, 1.057041e-05, 8.813025e-05, 5.106207e-04, 2.237828e-03, 7.880671e-03, 2.330912e-02, 5.985514e-02, 1.368583e-01, 2.841575e-01, 5.441047e-01, 9.727566e-01, 5.956816e+00, 2.102441e+01, 5.280672e+01, 1.060150e+02, 1.060150e+02
0.000000e+00, 0.000000e+00, 0.000000e+00, 0.000000e+00, 0.000000e+00, 0.000000e+00, 0.000000e+00, 0.000000e+00, 0.000000e+00, 0.000000e+00, 0.000000e+00, 0.000000e+00, 0.000000e+00, 0.000000e+00, 0.000000e+00, 0.000000e+00, 0.000000e+00, 0.000000e+00, 0.000000e+00, 0.000000e+00, 0.000000e+00, 0.000000e+00, 0.000000e+00, 0.000000e+00, 0.000000e+00, 0.000000e+00, 0.000000e+00, 1.018176e-292, 1.799732e-108, 2.072501e-89, 8.265334e-76, 1.279436e-65, 1.056769e-57, 2.242995e-51, 3.325398e-46, 6.705691e-42, 3.804521e-35, 1.894158e-32, 4.313956e-30, 5.161385e-28, 3.612486e-26, 1.580550e-24, 4.727692e-23, 1.663996e-20, 2.188579e-18, 1.350358e-16, 4.597409e-15, 9.728414e-14, 1.398949e-12, 1.463670e-11, 1.174986e-10, 3.055127e-10, 7.547205e-10, 1.778364e-09, 4.011238e-09, 1.347074e-07, 2.206637e-06, 2.147091e-05, 1.414912e-04, 6.914526e-04, 2.673288e-03, 8.573317e-03, 2.363048e-02, 5.751389e-02, 1.262342e-01, 2.540258e-01, 4.749187e-01, 3.350621e+00, 1.308461e+01, 3.545442e+01, 7.550430e+01, 7.550430e+01
0.000000e+00, 0.000000e+00, 0.000000e+00, 0.000000e+00, 0.000000e+00, 0.000000e+00, 0.000000e+00, 0.000000e+00, 0.000000e+00, 0.000000e+00, 0.000000e+00, 0.000000e+00, 0.000000e+00, 0.000000e+00, 0.000000e+00, 0.000000e+00, 0.000000e+00, 0.000000e+00, 0.000000e+00, 0.000000e+00, 0.000000e+00, 0.000000e+00, 0.000000e+00, 0.000000e+00, 0.000000e+00, 0.000000e+00, 0.000000e+00, 0.000000e+00, 4.861903e-116, 1.044199e-95, 3.366550e-81, 2.498448e-70, 6.983712e-62, 3.930955e-55, 1.294391e-49, 5.075264e-45, 8.187161e-38, 6.191228e-35, 2.032697e-32, 3.358250e-30, 3.131342e-28, 1.770911e-26, 6.673526e-25, 3.500535e-22, 6.420090e-20, 5.248191e-18, 2.274056e-16, 5.930534e-15, 1.023934e-13, 1.258890e-12, 1.166451e-11, 3.239530e-11, 8.518279e-11, 2.129653e-10, 5.081629e-10, 2.177744e-08, 4.335700e-07, 4.948678e-06, 3.725004e-05, 2.037195e-04, 8.673747e-04, 3.024234e-03, 8.968222e-03, 2.328287e-02, 5.411981e-02, 1.146436e-01, 2.244683e-01, 1.833140e+00, 7.947174e+00, 2.328943e+01, 5.271484e+01, 5.271484e+01
0.000000e+00, 0.000000e+00, 0.000000e+00, 0.000000e+00, 0.000000e+00, 0.000000e+00, 0.000000e+00, 0.000000e+00, 0.000000e+00, 0.000000e+00, 0.000000e+00, 0.000000e+00, 0.000000e+00, 0.000000e+00, 0.000000e+00, 0.000000e+00, 0.000000e+00, 0.000000e+00, 0.000000e+00, 0.000000e+00, 0.000000e+00, 0.000000e+00, 0.000000e+00, 0.000000e+00, 0.000000e+00, 0.000000e+00, 0.000000e+00, 0.000000e+00, 7.448125e-124, 3.277064e-102, 9.133654e-87, 3.417420e-75, 3.361682e-66, 5.177525e-59, 3.884730e-53, 3.025614e-48, 1.435051e-40, 1.670562e-37, 8.000022e-35, 1.844073e-32, 2.311906e-30, 1.704029e-28, 8.150270e-27, 6.453374e-24, 1.668105e-21, 1.823030e-19, 1.013148e-17, 3.278245e-16, 6.835746e-15, 9.927165e-14, 1.066574e-12, 3.170620e-12, 8.891946e-12, 2.363207e-11, 5.976077e-11, 3.293886e-09, 8.020320e-08, 1.079335e-06, 9.319777e-06, 5.724692e-05, 2.692535e-04, 1.023388e-03, 3.272788e-03, 9.081914e-03, 2.239814e-02, 5.002808e-02, 1.027368e-01, 9.757529e-01, 4.711888e+00, 1.497165e+01, 3.608824e+01, 3.608824e+01
0.000000e+00, 0.000000e+00, 0.000000e+00, 0.000000e+00, 0.000000e+00, 0.000000e+00, 0.000000e+00, 0.000000e+00, 0.000000e+00, 0.000000e+00, 0.000000e+00, 0.000000e+00, 0.000000e+00, 0.000000e+00, 0.000000e+00, 0.000000e+00, 0.000000e+00, 0.000000e+00, 0.000000e+00, 0.000000e+00, 0.000000e+00, 0.000000e+00, 0.000000e+00, 0.000000e+00, 0.000000e+00, 0.000000e+00, 0.000000e+00, 0.000000e+00, 6.471936e-132, 6.407724e-109, 1.650986e-92, 3.274968e-80, 1.178950e-70, 5.126313e-63, 8.991547e-57, 1.421061e-51, 2.049305e-43, 3.722013e-40, 2.630484e-37, 8.548026e-35, 1.454219e-32, 1.408489e-30, 8.613978e-29, 1.042831e-25, 3.839841e-23, 5.661170e-21, 4.066615e-19, 1.643575e-17, 4.163405e-16, 7.178929e-15, 8.984861e-14, 2.864970e-13, 8.586686e-13, 2.430545e-12, 6.525632e-12, 4.662309e-10, 1.397118e-08, 2.228207e-07, 2.216512e-06, 1.534708e-05, 7.998602e-05, 3.322985e-04, 1.148713e-03, 3.414285e-03, 8.950532e-03, 2.111417e-02, 4.554465e-02, 5.054320e-01, 2.727796e+00, 9.421218e+00, 2.423119e+01, 2.423119e+01
0.000000e+00, 0.000000e+00, 0.000000e+00, 0.000000e+00, 0.000000e+00, 0.000000e+00, 0.000000e+00, 0.000000e+00, 0.000000e+00, 0.000000e+00, 0.000000e+00, 0.000000e+00, 0.000000e+00, 0.000000e+00, 0.000000e+00, 0.000000e+00, 0.000000e+00, 0.000000e+00, 0.000000e+00, 0.000000e+00, 0.000000e+00, 0.000000e+00, 0.000000e+00, 0.000000e+00, 0.000000e+00, 0.000000e+00, 0.000000e+00, 0.000000e+00, 3.190535e-140, 7.807921e-116, 1.988735e-98, 2.199339e-85, 3.012994e-75, 3.816298e-67, 1.605394e-60, 5.259585e-55, 2.384771e-46, 6.848861e-43, 7.227723e-40, 3.345583e-37, 7.794796e-35, 1.000280e-32, 7.880358e-31, 1.477445e-27, 7.832606e-25, 1.571962e-22, 1.470879e-20, 7.475386e-19, 2.313957e-17, 4.761967e-16, 6.974653e-15, 2.390592e-14, 7.672441e-14, 2.317448e-13, 6.617859e-13, 6.177028e-11, 2.292337e-09, 4.354949e-08, 5.012058e-07, 3.925986e-06, 2.274365e-05, 1.035558e-04, 3.878672e-04, 1.237369e-03, 3.454316e-03, 8.620370e-03, 1.956069e-02, 2.548353e-01, 1.542265e+00, 5.804524e+00, 1.596082e+01, 1.596082e+01
0.000000e+00, 0.000000e+00, 0.000000e+00, 0.000000e+00, 0.000000e+00, 0.000000e+00, 0.000000e+00, 0.000000e+00, 0.000000e+00, 0.000000e+00, 0.000000e+00, 0.000000e+00, 0.000000e+00, 0.000000e+00, 0.000000e+00, 0.000000e+00, 0.000000e+00, 0.000000e+00, 0.000000e+00, 0.000000e+00, 0.000000e+00, 0.000000e+00, 0.000000e+00, 0.000000e+00, 0.000000e+00, 0.000000e+00, 0.000000e+00, 0.000000e+00, 8.925287e-149, 5.930169e-123, 1.596733e-104, 1.035239e-90, 5.612448e-80, 2.136589e-71, 2.211513e-64, 1.534324e-58, 2.261906e-49, 1.041049e-45, 1.659877e-42, 1.105817e-39, 3.561084e-37, 6.104762e-35, 6.241454e-33, 1.835548e-29, 1.416086e-26, 3.903807e-24, 4.795031e-22, 3.085039e-20, 1.173798e-18, 2.897963e-17, 4.990133e-16, 1.842413e-15, 6.344653e-15, 2.048840e-14, 6.234307e-14, 7.661812e-12, 3.543361e-10, 8.059830e-09, 1.077781e-07, 9.585356e-07, 6.191375e-06, 3.097893e-05, 1.260141e-04, 4.323772e-04, 1.287772e-03, 3.405310e-03, 8.140543e-03, 1.250886e-01, 8.517717e-01, 3.502157e+00, 1.031560e+01, 1.031560e+01
0.000000e+00, 0.000000e+00, 0.000000e+00, 0.000000e+00, 0.000000e+00, 0.000000e+00, 0.000000e+00, 0.000000e+00, 0.000000e+00, 0.000000e+00, 0.000000e+00, 0.000000e+00, 0.000000e+00, 0.000000e+00, 0.000000e+00, 0.000000e+00, 0.000000e+00, 0.000000e+00, 0.000000e+00, 0.000000e+00, 0.000000e+00, 0.000000e+00, 0.000000e+00, 0.000000e+00, 0.000000e+00, 0.000000e+00, 0.000000e+00, 0.000000e+00, 1.417066e-157, 2.807881e-130, 8.546525e-111, 3.416113e-96, 7.621450e-85, 8.997485e-76, 2.350921e-68, 3.528496e-62, 1.748921e-52, 1.307423e-48, 3.186684e-45, 3.087307e-42, 1.386890e-39, 3.202394e-37, 4.280586e-35, 2.000127e-31, 2.269569e-28, 8.672120e-26, 1.409149e-23, 1.155449e-21, 5.435537e-20, 1.618299e-18, 3.291242e-17, 1.311732e-16, 4.856558e-16, 1.679879e-15, 5.456506e-15, 8.898908e-13, 5.160879e-11, 1.412745e-09, 2.204414e-08, 2.234006e-07, 1.613892e-06, 8.897824e-06, 3.940036e-05, 1.457037e-04, 4.638304e-04, 1.301806e-03, 3.283411e-03, 5.978839e-02, 4.596050e-01, 2.069636e+00, 6.542934e+00, 6.542934e+00
0.000000e+00, 0.000000e+00, 0.000000e+00, 0.000000e+00, 0.000000e+00, 0.000000e+00, 0.000000e+00, 0.000000e+00, 0.000000e+00, 0.000000e+00, 0.000000e+00, 0.000000e+00, 0.000000e+00, 0.000000e+00, 0.000000e+00, 0.000000e+00, 0.000000e+00, 0.000000e+00, 0.000000e+00, 0.000000e+00, 0.000000e+00, 0.000000e+00, 0.000000e+00, 0.000000e+00, 0.000000e+00, 0.000000e+00, 0.000000e+00, 0.000000e+00, 1.277147e-166, 8.289797e-138, 3.050159e-117, 7.903891e-102, 7.546188e-90, 2.850468e-80, 1.928862e-72, 6.397973e-66, 1.102572e-55, 1.356834e-51, 5.115219e-48, 7.281743e-45, 4.605302e-42, 1.444153e-39, 2.542564e-37, 1.911878e-33, 3.225085e-30, 1.723560e-27, 3.733762e-25, 3.928054e-23, 2.298140e-21, 8.293885e-20, 2.001424e-18, 8.628858e-18, 3.441669e-17, 1.277594e-16, 4.437827e-16, 9.679854e-14, 7.083972e-12, 2.345690e-10, 4.289217e-09, 4.971078e-08, 4.028991e-07, 2.454145e-06, 1.185768e-05, 4.735829e-05, 1.614347e-04, 4.816908e-04, 1.283729e-03, 2.783113e-02, 2.423355e-01, 1.198161e+00, 4.073454e+00, 4.073454e+00
0.000000e+00, 0.000000e+00, 0.000000e+00, 0.000000e+00, 0.000000e+00, 0.000000e+00, 0.000000e+00, 0.000000e+00, 0.000000e+00, 0.000000e+00, 0.000000e+00, 0.000000e+00, 0.000000e+00, 0.000000e+00, 0.000000e+00, 0.000000e+00, 0.000000e+00, 0.000000e+00, 0.000000e+00, 0.000000e+00, 0.000000e+00, 0.000000e+00, 0.000000e+00, 0.000000e+00, 0.000000e+00, 0.000000e+00, 0.000000e+00, 0.000000e+00, 6.534954e-176, 1.526267e-145, 7.259363e-124, 1.282432e-107, 5.448666e-95, 6.794760e-85, 1.221648e-76, 9.148363e-70, 5.668305e-59, 1.163780e-54, 6.866244e-51, 1.451168e-47, 1.304061e-44, 5.599532e-42, 1.308156e-39, 1.603398e-35, 4.063969e-32, 3.065204e-29, 8.921308e-27, 1.212295e-24, 8.872844e-23, 3.901737e-21, 1.122323e-19, 5.245406e-19, 2.258382e-18, 9.014069e-18, 3.354463e-17, 9.862692e-15, 9.165215e-13, 3.689895e-11, 7.940586e-10, 1.056269e-08, 9.634294e-08, 6.501050e-07, 3.435461e-06, 1.484933e-05, 5.430242e-05, 1.725403e-04, 4.865925e-04, 1.261906e-02, 1.248786e-01, 6.796212e-01, 2.489620e+00, 2.489620e+00
0.000000e+00, 0.000000e+00, 0.000000e+00, 0.000000e+00, 0.000000e+00, 0.000000e+00, 0.000000e+00, 0.000000e+00, 0.000000e+00, 0.000000e+00, 0.000000e+00, 0.000000e+00, 0.000000e+00, 0.000000e+00, 0.000000e+00, 0.000000e+00, 0.000000e+00, 0.000000e+00, 0.000000e+00, 0.000000e+00, 0.000000e+00, 0.000000e+00, 0.000000e+00, 0.000000e+00, 0.000000e+00, 0.000000e+00, 0.000000e+00, 0.000000e+00, 1.898704e-185, 1.752673e-153, 1.152339e-130, 1.459402e-113, 2.869378e-100, 1.218870e-89, 5.973594e-81, 1.031704e-73, 2.376682e-62, 8.251087e-58, 7.708443e-54, 2.443931e-50, 3.149372e-47, 1.867037e-44, 5.830803e-42, 1.179950e-37, 4.541860e-34, 4.878505e-31, 1.922495e-28, 3.397084e-26, 3.128703e-24, 1.685084e-22, 5.804419e-21, 2.947035e-20, 1.372385e-19, 5.900984e-19, 2.356869e-18, 9.414110e-16, 1.117850e-13, 5.499919e-12, 1.398876e-10, 2.143478e-09, 2.207029e-08, 1.654231e-07, 9.583388e-07, 4.492269e-06, 1.765587e-05, 5.983777e-05, 1.788396e-04, 5.574019e-03, 6.290135e-02, 3.777564e-01, 1.493984e+00, 1.493984e+00
0.000000e+00, 0.000000e+00, 0.000000e+00, 0.000000e+00, 0.000000e+00, 0.000000e+00, 0.000000e+00, 0.000000e+00, 0.000000e+00, 0.000000e+00, 0.000000e+00, 0.000000e+00, 0.000000e+00, 0.000000e+00, 0.000000e+00, 0.000000e+00, 0.000000e+00, 0.000000e+00, 0.000000e+00, 0.000000e+00, 0.000000e+00, 0.000000e+00, 0.000000e+00, 0.000000e+00, 0.000000e+00, 0.000000e+00, 0.000000e+00, 0.000000e+00, 3.132875e-195, 1.255489e-161, 1.220186e-137, 1.164986e-119, 1.102245e-105, 1.645598e-94, 2.255422e-85, 9.177731e-78, 8.128650e-66, 4.836213e-61, 7.238764e-57, 3.478624e-53, 6.487752e-50, 5.353958e-47, 2.251836e-44, 7.620526e-40, 4.502453e-36, 6.949708e-33, 3.736924e-30, 8.644280e-28, 1.007717e-25, 6.681997e-24, 2.768978e-22, 1.530486e-21, 7.724358e-21, 3.584770e-20, 1.539448e-19, 8.419341e-17, 1.285458e-14, 7.768830e-13, 2.345397e-11, 4.154720e-10, 4.844160e-09, 4.043859e-08, 2.574303e-07, 1.311386e-06, 5.549631e-06, 2.009467e-05, 6.374213e-05, 2.398903e-03, 3.097355e-02, 2.057822e-01, 8.803579e-01, 8.803579e-01
0.000000e+00, 0.000000e+00, 0.000000e+00, 0.000000e+00, 0.000000e+00, 0.000000e+00, 0.000000e+00, 0.000000e+00, 0.000000e+00, 0.000000e+00, 0.000000e+00, 0.000000e+00, 0.000000e+00, 0.000000e+00, 0.000000e+00, 0.000000e+00, 0.000000e+00, 0.000000e+00, 0.000000e+00, 0.000000e+00, 0.000000e+00, 0.000000e+00, 0.000000e+00, 0.000000e+00, 0.000000e+00, 0.000000e+00, 0.000000e+00, 0.000000e+00, 2.935985e-205, 5.610748e-170, 8.619639e-145, 6.524174e-126, 3.088983e-111, 1.672349e-99, 6.576217e-90, 6.440771e-82, 2.268031e-69, 2.343728e-64, 5.686777e-60, 4.185302e-56, 1.140151e-52, 1.320600e-49, 7.535952e-47, 4.319753e-42, 3.959592e-38, 8.862419e-35, 6.552841e-32, 1.997698e-29, 2.965102e-27, 2.433134e-25, 1.218579e-23, 7.347939e-23, 4.027269e-22, 2.021088e-21, 9.349019e-21, 7.055790e-18, 1.393858e-15, 1.040077e-13, 3.742977e-12, 7.693011e-11, 1.018838e-09, 9.498100e-09, 6.659788e-08, 3.694493e-07, 1.686546e-06, 6.535225e-06, 2.203471e-05, 1.006036e-03, 1.491195e-02, 1.098775e-01, 5.094795e-01, 5.094795e-01
